<?xml version="1.0" encoding="UTF-8"?>
<configuration scan="true" scanPeriod="60 seconds" debug="false">
    <property name="LOG_HOME" value="${catalina.base}/logs/run" />
    <property name="appName" value="report"></property>
    <appender name="stdout" class="ch.qos.logback.core.ConsoleAppender">
        <Encoding>UTF-8</Encoding>
        <layout class="ch.qos.logback.classic.PatternLayout">
            <pattern>%d{yyyy-MM-dd HH:mm:ss.SSS} [%thread] %-5level %logger{50} - %msg%n</pattern>
        </layout>
    </appender>

    <appender name="appLogAppender" class="ch.qos.logback.core.rolling.RollingFileAppender">
        <Encoding>UTF-8</Encoding>
        <file>${LOG_HOME}/${appName}.log</file>
        <rollingPolicy class="ch.qos.logback.core.rolling.TimeBasedRollingPolicy">
            <fileNamePattern>${LOG_HOME}/${appName}-%d{yyyy-MM-dd}-%i.log</fileNamePattern>
            <MaxHistory>180</MaxHistory>
            <timeBasedFileNamingAndTriggeringPolicy class="ch.qos.logback.core.rolling.SizeAndTimeBasedFNATP">
                <maxFileSize>10MB</maxFileSize>
            </timeBasedFileNamingAndTriggeringPolicy>
        </rollingPolicy>
        <layout class="ch.qos.logback.classic.PatternLayout">
            <pattern>%d{yyyy-MM-dd HH:mm:ss.SSS} [ %thread ] - [ %-5level ] [ %logger{50} : %line ] - %msg%n</pattern>
        </layout>
    </appender>

    <logger name="org.hibernate" level="info"  additivity="true"/>
    <logger name="org.mybatis" level="debugger"  additivity="true"/>
    <logger name="com.alibaba" level="info"  additivity="true"></logger>
    <logger name="org.apache" level="info"  additivity="true"></logger>
    <logger name="org.springframework" level="info"  additivity="true"></logger>
    <logger name="com.icss" level="info"  additivity="true"></logger>
    <logger name="org.quartz" level="info"  additivity="true"></logger>

    <root level="debugger">
        <appender-ref ref="stdout" />
        <appender-ref ref="appLogAppender" />
    </root>
</configuration>