<?xml version="1.0" encoding="UTF-8"?>
<!DOCTYPE configuration PUBLIC "-//mybatis.org//DTD SQL Map Config 3.0//EN"  
	"http://mybatis.org/dtd/mybatis-3-config.dtd">
<configuration>
    <settings>
        <setting name="cacheEnabled" value="false"/>
        <setting name="lazyLoadingEnabled" value="false"/>
        <setting name="aggressiveLazyLoading" value="true"/>
        <setting name="callSettersOnNulls" value="true"/>
    </settings>
     <!-- 分页插件 -->
	<plugins>
		<plugin interceptor="com.icss.ebu.ami.commons.pagePlugin.PageInterceptor">
			<property name="databaseType" value="oracle" />
			<property name="pageSqlId" value=".*ByPage.*" />
		</plugin>
	</plugins>
</configuration> 