{
    "menu": [
                	{
                		"id":"1000000","name":"数据源管理","list":
                			[
                				{
                					"name":"数据源管理","id":"1000003","url":"/dataSource/dataSourceManager"
                				}
                			]
                		},
                		{
                			"id":"1000010","name":"数据集管理","list":
	                			[
	                				{
	                					"name":"自定义SQL","id":"10000011","url":"/customDataSet/dataSetList"
	                				}
	                			]
                		},
                		{
                			"id":"1000100","name":"模板管理","list":
	                			[
	                				{
	                					"name":"模板管理","id":"1000101","url":"/templateManagement"
	                				}
	                			]
                		},
                		{
                			"id":"1001000","name":"报表管理","list":
	                			[
	                				{
	                					"name":"报表生成","id":"1001001","url":"/report/index"
	                				},
	                				{
	                					"name":"报表查询","id":"1001002","url":"/reportFile"
	                				}
	                			]
                		},
                		{
                			"id":"1010000","name":"任务管理","list":
	                			[
	                				{
	                					"name":"任务管理","id":"1010001"
	                				},
	                				{
	                					"name":"任务配置","id":"1010002"
	                				}
	                			]
                		},
                		{
                			"id":"1100000","name":"系统管理","list":
	                			[
	                				{
	                					"name":"权限管理","id":"1100001"
	                				},
	                				{
	                					"name":"参数设置","id":"1100002","url":"/systemParameter"
	                				},
	                				{
	                					"name":"License控制","id":"1100003"
	                				}
	                			]
                		}
        ]    
}