<?xml version="1.0" encoding="UTF-8" ?>
<!DOCTYPE mapper PUBLIC "-//mybatis.org//DTD Mapper 3.0//EN" "http://mybatis.org/dtd/mybatis-3-mapper.dtd" >
<mapper namespace="com.icss.ebu.ami.report.business.mapper.CubeMapper">
    


	<select id="getCubeList" parameterType="com.icss.ebu.ami.commons.pagePlugin.Page"  resultType="com.icss.ebu.ami.report.business.model.CubeBean">
		select t.cnnid as "id", t.cubeid as "cubeId", t.cubename as "cubeName",t.cubedesc as "cubeDesc",d.cnname as "cnName", d.type as "dbType"
     	from REPORT_CUBE t,REPORT_DATASOURCE d where t.cnnid = d.cnnid order by t.cubeid desc
	</select>
	
	
	<select id="getAllCube"  resultType="com.icss.ebu.ami.report.business.model.CubeBean">
		select t.cnnid as "id", t.cubeid as "cubeId", t.cubename as "cubeName",t.cubedesc as "cubeDesc",d.cnname as "cnName", d.type as "dbType"
     	from REPORT_CUBE t,REPORT_DATASOURCE d where t.cnnid = d.cnnid order by t.cubeid desc
	</select>
	
	<select id="getAllCubeByUserId" parameterType="java.lang.String" resultType="com.icss.ebu.ami.report.business.model.CubeBean">
        select t.cnnid as "id", t.cubeid as "cubeId", t.cubename as "cubeName",t.cubedesc as "cubeDesc",d.cnname as "cnName", d.type as "dbType"
     	from REPORT_CUBE t,REPORT_DATASOURCE d,REPORT_USER_CUBE ud where t.cnnid = d.cnnid and t.cubeid = ud.cube_id
     	and ud.user_id=#{userId}
     	order by t.cubeid desc
    </select>
	
	<select id="getCubeByDsId"  resultType="com.icss.ebu.ami.report.business.model.CubeBean">
		select t.cnnid as "id", t.cubeid as "cubeId", t.cubename as "cubeName",t.cubedesc as "cubeDesc",d.cnname as "cnName", d.type as "dbType"
     	from REPORT_CUBE t,REPORT_DATASOURCE d where t.cnnid = d.cnnid and t.cnnid = #{cnnid} order by t.cubeid desc
	</select>
	
	<select id="getCubeById" parameterType="java.lang.String" resultType="com.icss.ebu.ami.report.business.model.CubeBean">
        select t.cnnid as "id", t.cubeid as "cubeId", t.cubename as "cubeName",t.cubedesc as "cubeDesc"
        from REPORT_CUBE t
        where t.CUBEID = #{id}
    </select>
    
    <select id="getCubeTableNameById" resultType="com.icss.ebu.ami.report.business.model.DataSourceTable">
        select tb.cnnid     as "id",
		          tb.tableid   as "tableId",
		          tb.tablename as "tableName",
		          tb.tbtype    as "tableType",
		          decode(tb.tbtype,'target',(select q.querysql from report_query q where q.cubeid=c.cubeid) ,tb.tablename )  as "tableSql"
		     from REPORT_CUBE_TABLE_REL t
		     left join report_cube c
		       on c.cubeid = t.cubeid
		     left join REPORT_DATASOURCE_TABLE tb
		       on tb.tableid = t.tableid
		      and tb.cnnid = c.cnnid
		    where t.CUBEID = #{id}
    </select>
    
    <select id="getTableTreeByTable" resultType="com.icss.ebu.ami.report.business.model.DataSourceTableFiled" parameterType="com.icss.ebu.ami.report.business.model.DataSourceTable">
    	select tf.cnnid as "id",tf.tablename as "tableName",tf.tablefiled as "tableFiled",tf.tablefiledsql as "tableFiledSql",tf.tablefiledalias as "tableFiledAlias" from REPORT_DATASOURCE_TABLE_FILED tf where tf.cnnid = #{id} and tf.tablename = #{tableName}
    </select>
    
    <delete id="delCubeById" parameterType="java.lang.String">
    	delete from REPORT_CUBE t where t.CUBEID = #{id} 
    </delete>
    
	<insert id="addCube" parameterType="com.icss.ebu.ami.report.business.model.DataSourceBean">
        insert into REPORT_CUBE (cnnid,cubeid, cubename, cubedesc)
        values (#{id,jdbcType=VARCHAR},#{cubeId,jdbcType=VARCHAR}, #{cubeName,jdbcType=VARCHAR}, #{cubeDesc,jdbcType=VARCHAR})
    </insert>
    
    <insert id="addCubeTable" parameterType="java.util.List">
	  BEGIN
	    <foreach collection="list" item="item" index="index" separator=";" > 
	    insert into REPORT_CUBE_TABLE_REL (CUBEID, TABLEID)
	    values (#{item.cubeId,jdbcType=VARCHAR}, #{item.tableId,jdbcType=VARCHAR})
	      </foreach>  
	    ;END ;
  </insert>

    <update id="updateCube" parameterType="com.icss.ebu.ami.report.business.model.CubeBean">
        update REPORT_CUBE
        <set>
            <if test="cubeName != null">
                cubename = #{cubeName,jdbcType=VARCHAR},
            </if>
            <if test="cubeDesc != null">
                cubedesc = #{cubeDesc,jdbcType=VARCHAR},
            </if>
        </set>
        where cubeid = #{cubeId,jdbcType=VARCHAR}
    </update>

	<delete id="delCubeTableRel" parameterType="java.lang.String">
    	delete from REPORT_CUBE_TABLE_REL t where t.CUBEID = #{cubeId}
    </delete>
  
  
  <insert id="addCubeTableFiled" parameterType="java.util.List">
	  BEGIN
	    <foreach collection="list" item="item" index="index" separator=";" > 
	    insert into REPORT_CUBE_TABLE_FILED (CNNID, TABLENAME, TBTYPE,TABLEFILED,TABLEFILEDSQL,TABLEFILEDALIAS)
	    values (#{item.id,jdbcType=VARCHAR}, #{item.tableName,jdbcType=VARCHAR}, 
		    #{item.tableType,jdbcType=VARCHAR}, #{item.tableFiled,jdbcType=VARCHAR}, 
		    #{item.tableFiledSql,jdbcType=VARCHAR}, #{item.tableFiledAlias,jdbcType=VARCHAR})
	      </foreach>  
	    ;END ;
  </insert>
  
   <delete id="delCubeTableFiledById" parameterType="java.lang.String">
    	delete from REPORT_Cube_TABLE_FILED t where t.cnnid = #{id} 
    </delete>
    
     <delete id="delCubeTableById" parameterType="java.lang.String">
    	delete from REPORT_Cube_TABLE t where t.cnnid = #{id} 
    </delete>

	
	<update id="updateTableFiledAlias" parameterType="com.icss.ebu.ami.report.business.model.DataSourceTableFiled">
        update REPORT_DATASOURCE_TABLE_FILED
        <set>
            <if test="tableFiledAlias != null">
                TABLEFILEDALIAS = #{tableFiledAlias,jdbcType=VARCHAR},
            </if>
        </set>
        where CNNID = #{id,jdbcType=VARCHAR}
        and TABLENAME = #{tableName,jdbcType=VARCHAR}
        and TABLEFILED = #{tableFiled,jdbcType=VARCHAR}
    </update>
    
    <select id="getCubeByDsIdAndUser" parameterType="com.icss.ebu.ami.report.business.model.CubeBean"  resultType="com.icss.ebu.ami.report.business.model.CubeBean">
		select t.cnnid    as "id",
		       t.cubeid   as "cubeId",
		       t.cubename as "cubeName",
		       t.cubedesc as "cubeDesc",
		       d.cnname   as "cnName",
		       d.type     as "dbType"
		  from REPORT_CUBE t, REPORT_DATASOURCE d, REPORT_USER_CUBE C
		 where t.cnnid = d.cnnid
		   AND T.CUBEID = C.CUBE_ID
		   and t.cnnid = #{id}
		   AND C.USER_ID = #{userId}
		 order by t.cubeid desc
	</select>
	
	<select id="getCubeByDsIdAndCubeName"  resultType="com.icss.ebu.ami.report.business.model.CubeBean" parameterType="com.icss.ebu.ami.report.business.model.CubeBean">
		select c.cnnid as "id",c.cubeid as "cubeId",c.cubename as "cubeName" 
		from report_cube c where c.cnnid = #{id} and c.cubename = #{cubeName}
	</select>
	
	<select id="getTablesByCubeId" parameterType="java.lang.String" resultType="com.icss.ebu.ami.report.business.model.Table">
        select tb.cnnid     as "cnnId",
		          tb.tableid   as "id",
		          tb.tablename as "tableName",
		          tb.tbtype    as "tableType",
		          decode(tb.tbtype,'target',(select q.querysql from report_query q where q.cubeid=c.cubeid) ,tb.tablename )  as "tableSql"
		     from REPORT_CUBE_TABLE_REL t
		     left join report_cube c
		       on c.cubeid = t.cubeid
		     left join REPORT_DATASOURCE_TABLE tb
		       on tb.tableid = t.tableid
		      and tb.cnnid = c.cnnid
		    where t.CUBEID = #{cubeId}
    </select>
    
    <select id="getFieldsByTable" resultType="com.icss.ebu.ami.report.business.model.TableField" parameterType="com.icss.ebu.ami.report.business.model.Table">
		select   tf.filedid         as "id",
                 tf.cnnid           as "cnnId",
                 tf.tableid         as "tableId",
                 tf.tablename       as "tableName",
                 tf.tablefiled      as "tableFiled",
                 tf.tablefiledsql   as "tableFiledSql",
                 tf.tablefiledalias as "tableFiledAlias",
                 tf.tbtype          as "tableType"
            from REPORT_DATASOURCE_TABLE_FILED tf
           where tf.tableid=#{id}
    </select>
</mapper>