<?xml version="1.0" encoding="UTF-8" ?>
<!DOCTYPE mapper PUBLIC "-//mybatis.org//DTD Mapper 3.0//EN" "http://mybatis.org/dtd/mybatis-3-mapper.dtd" >
<mapper namespace="com.icss.ebu.ami.report.business.mapper.CustomDataSetMapper">
	
	<select id="findCustomDataSets" parameterType="com.icss.ebu.ami.commons.pagePlugin.Page"  resultType="com.icss.ebu.ami.report.business.model.DataSet">
		select 
		      queryid    as "queryId",
			  cnnid   as "cnnId",
			  cubeId  as "cubeId",
			  queryname as "queryName",
			  queryoption as "queryOption",
			  maxrow as "maxRow",
			  querydesc as "queryDesc",
			  querytype as "queryType",
			  creatorId as "creatorId",
			  ispublish as "isPublish",
			  querysql as "querySql",
			  creatorName  as "creatorName",
			  createTime as "createTime",
			  updateTime as "updateTime",
			  key as "key",
			  sqlJson as "sqlJson"
		  from REPORT_QUERY
		 order by createTime desc
	</select>
	
	<select id="queryAll" resultType="com.icss.ebu.ami.report.business.model.DataSet">
		select 
		      queryid    as "queryId",
			  cnnid   as "cnnId",
			  cubeId  as "cubeId",
			  queryname as "queryName",
			  queryoption as "queryOption",
			  maxrow as "maxRow",
			  querydesc as "queryDesc",
			  querytype as "queryType",
			  creatorId as "creatorId",
			  ispublish as "isPublish",
			  querysql as "querySql",
			  creatorName  as "creatorName",
			  createTime as "createTime",
			  key as "key",
			  updateTime as "updateTime",
			  sqlJson as "sqlJson"
		  from REPORT_QUERY
		 order by createTime desc
	</select>
	<insert id="addDataSet" parameterType ="com.icss.ebu.ami.report.business.model.DataSet">
	insert into REPORT_QUERY
	 <trim prefix="(" suffix=")" suffixOverrides=",">
		  <if test="queryId != null">
		  queryid,
		  </if>
		  <if test="cnnId != null">
		   cnnid,
		   </if>
		  <if test="cubeId != null">
		   cubeId,
		   </if>
		   <if test="queryName != null">
		   queryname,
		   </if>
		   <if test="queryOption != null">
		   queryoption,
		   </if>
		   <if test="maxRow != null">
		   maxrow,
		   </if>
		   <if test="queryDesc != null">
		   querydesc,
		   </if>
		   <if test="queryType != null">
		   querytype,
		   </if>
		   <if test="creatorId != null">
		   creatorId,
		   </if>
		   <if test="isPublish != null">
		   ispublish,
		   </if>
		   <if test="querySql != null">
		   querysql,
		   </if>
		   <if test="creatorName != null">
		   creatorName,
		   </if>
		   <if test="createTime != null">
		   createTime,
		   </if>
		   <if test="key != null">
		   key,
		   </if>
		   <if test="sqlJson != null">
		   sqlJson,
		   </if>
		   </trim>
		<trim prefix="values (" suffix=")" suffixOverrides=",">
	      <if test="queryId != null">
		  #{queryId},
		  </if>
		   <if test="cnnId != null">
		  #{cnnId},
		  </if>
		   <if test="cubeId != null">
		  #{cubeId},
		  </if>
		   <if test="queryName != null">
		  #{queryName},
		  </if>
		   <if test="queryOption != null">
		  #{queryOption},
		  </if>
		   <if test="maxRow != null">
		  #{maxRow},
		  </if>
		   <if test="queryDesc != null">
		  #{queryDesc},
		  </if>
		   <if test="queryType != null">
		  #{queryType},
		  </if>
		   <if test="creatorId != null">
		  #{creatorId},
		  </if>
		   <if test="isPublish != null">
		  #{isPublish},
		  </if>
		   <if test="querySql != null">
		  #{querySql},
		  </if>
		   <if test="creatorName != null">
		  #{creatorName},
		  </if>
		  <if test="createTime != null">
		  #{createTime},
		  </if>
		   <if test="key != null">
		  #{key},
		  </if>
		  <if test="sqlJson != null">
		  #{sqlJson},
		  </if>
		  </trim>
	</insert>
	<update id="editDataSet" parameterType ="com.icss.ebu.ami.report.business.model.DataSet">
		update REPORT_QUERY 
		set
        <if test="queryName != null and queryName !=''">
		queryname = #{queryName},
		</if>
        <if test="queryDesc != null and queryDesc !=''">
		querydesc = #{queryDesc},
		</if>
		<if test="querySql != null and querySql !=''">
		querysql = #{querySql},
		</if>
		<if test="sqlJson != null and sqlJson !=''">
		sqlJson = #{sqlJson},
		</if>
        <if test="cnnId != null and cnnId !=''">
		cnnid = #{cnnId},
		</if>
		<if test="key != null and key !=''">
		key = #{key},
		</if>
		updateTime = #{updateTime}
		where queryid = #{queryId}
	</update>
	<select id="findCustomDataSetById" parameterType="java.lang.String"  resultType="com.icss.ebu.ami.report.business.model.DataSet">
		select 
		      queryid    as "queryId",
			  cnnid   as "cnnId",
			  cubeId   as "cubeId",
			  queryname as "queryName",
			  queryoption as "queryOption",
			  maxrow as "maxRow",
			  querydesc as "queryDesc",
			  querytype as "queryType",
			  creatorId as "creatorId",
			  ispublish as "isPublish",
			  querysql as "querySql",
			  creatorName  as "creatorName",
			  createTime as "createTime",
			  updateTime as "updateTime",
			  sqlJson as "sqlJson"
		  from REPORT_QUERY
		  where 
		  	queryid = #{queryId}
	</select>
	
	<delete id="delete" parameterType="com.icss.ebu.ami.report.business.model.DataSet">
		delete from REPORT_QUERY where queryid = #{queryId}
	</delete>
	
	<select id="findAllFunction" resultType="com.icss.ebu.ami.report.business.model.Function">
		select ID as "id", FUNCTION_NAME as "functionName", FUNCTION_VALUE as "functionValue", FUNCTION_TYPE as "functionType" from REPORT_FUNCTION 
	</select>
	
	<insert id="insetDataSetCols" parameterType="java.util.List">
    <foreach collection="list" item="item" index="index" open="begin" close=";end;" separator=";">
		    insert into REPORT_QUERY_COL
		    <trim prefix="(" suffix=")" suffixOverrides=",">
	          <if test="item.queryId != null">
	            QUERYID,    
	             </if>
	          <if test="item.filedId != null">
	            FILEDID,    
	             </if>
	          <if test="item.tableFiledSql != null">
	            FIELDSQL,   
	             </if>
	          <if test="item.tableFiled != null">
	            FIELDNAME,  
	             </if>
	          <if test="item.tableFiledAlias != null">
	            FIELDALIAS,  
	             </if>
	          <if test="item.tableName != null">
	            TABLENAME,  
	             </if>
	            </trim>
	        <trim prefix="values (" suffix=")" suffixOverrides=",">
	           <if test="item.queryId != null">
	            #{item.queryId},
	            </if>
	           <if test="item.filedId != null">
	            #{item.filedId},
	            </if>
	           <if test="item.tableFiledSql != null">
	            #{item.tableFiledSql},
	            </if>
	           <if test="item.tableFiled != null">
	            #{item.tableFiled},
	            </if>
	           <if test="item.tableFiledAlias != null">
	            #{item.tableFiledAlias},
	            </if>
	           <if test="item.tableName != null">
	            #{item.tableName},
	            </if>
	           </trim>
        </foreach>
    </insert>
	
	<delete id="deleteDataSetCols" parameterType="com.icss.ebu.ami.report.business.model.DataSourceTable">
    	 delete from REPORT_QUERY_COL t where t.QUERYID = #{queryId}
    </delete>
</mapper>