<?xml version="1.0" encoding="UTF-8" ?>
<!DOCTYPE mapper PUBLIC "-//mybatis.org//DTD Mapper 3.0//EN" "http://mybatis.org/dtd/mybatis-3-mapper.dtd" >
<mapper namespace="com.icss.ebu.ami.report.business.mapper.DataSourceMapper">
    
    <select id="getAllDataSource" resultType="com.icss.ebu.ami.report.business.model.DataSourceBean">
        select t.cnnid as "id",t.cnname as "key",t.type as "dbType",t.jdbcname as "url",
        t.username as "dbName",t.password as "dbPwd"
        from REPORT_DATASOURCE t
        order by t.cnnid desc
    </select>
    <select id="getAllDataSourceByUserId" parameterType="java.lang.String" resultType="com.icss.ebu.ami.report.business.model.DataSourceBean">
        select t.cnnid as "id",t.cnname as "key",t.type as "dbType",t.jdbcname as "url",
        t.username as "dbName",t.password as "dbPwd"
        from REPORT_DATASOURCE t,REPORT_USER_DATASOURCE d
        where t.cnnid=d.cnnid
        and d.user_id=#{userId}
        order by t.cnnid desc
    </select>

	<select id="getDataSourceList" parameterType="com.icss.ebu.ami.commons.pagePlugin.Page"  resultType="com.icss.ebu.ami.report.business.model.DataSourceBean">
		 select distinct t.cnnid    as "id",
		        t.cnname   as "key",
		        t.type     as "dbType",
		        t.jdbcname as "url",
		        t.username as "dbName",
		        t.password as "dbPwd"
		   from REPORT_DATASOURCE t,REPORT_USER_DATASOURCE u
		   where t.cnnid=u.cnnid(+)
		   <if test="params.userId != null and params.userId != ''"  >
		  	and u.user_id=#{params.userId}
		   </if>
		  order by t.cnnid desc
	</select>
	
	<select id="getDataSourceById" parameterType="java.lang.String" resultType="com.icss.ebu.ami.report.business.model.DataSourceBean">
        select t.cnnid as "id",t.cnname as "key",t.type as "dbType",t.jdbcname as "url",
        t.username as "dbName",t.password as "dbPwd"
        from REPORT_DATASOURCE t
        where t.cnnid = #{id}
    </select>
    
    <select id="getDataSourceByKey" parameterType="java.lang.String" resultType="com.icss.ebu.ami.report.business.model.DataSourceBean">
        select t.cnnid as "id",t.cnname as "key",t.type as "dbType",t.jdbcname as "url",
        t.username as "dbName",t.password as "dbPwd"
        from REPORT_DATASOURCE t
        where t.cnname = #{key}
    </select>
    
    <select id="getDataSourceTable" parameterType="java.lang.String" resultType="com.icss.ebu.ami.report.business.model.DataSourceTable">
        select t.cnnid as "id",t.tableid as "tableId",t.tablename as "tableName",t.tbtype as "tableType" from report_datasource_table t 
        where t.cnnid = #{dsId}
    </select>
    
    <delete id="delDataSourceById" parameterType="java.lang.String">
    	delete from REPORT_DATASOURCE t where t.cnnid = #{id} 
    </delete>
    
    <insert id="addDataSource" parameterType="com.icss.ebu.ami.report.business.model.DataSourceBean">
        insert into REPORT_DATASOURCE (cnnid,cnname, type, jdbcname, username,password)
        values (#{id,jdbcType=VARCHAR},#{key,jdbcType=VARCHAR}, #{dbType,jdbcType=VARCHAR}, #{url,jdbcType=VARCHAR},
        #{dbName,jdbcType=VARCHAR},#{dbPwd,jdbcType=VARCHAR})
    </insert>

    <update id="updateDataSource" parameterType="com.icss.ebu.ami.report.business.model.DataSourceBean">
        update REPORT_DATASOURCE
        <set>
            <if test="key != null">
                cnname = #{key,jdbcType=VARCHAR},
            </if>
            <if test="dbType != null">
                type = #{dbType,jdbcType=VARCHAR},
            </if>
            <if test="url != null">
                jdbcname = #{url,jdbcType=VARCHAR},
            </if>
            <if test="dbName != null">
                username = #{dbName,jdbcType=VARCHAR},
            </if>
            <if test="dbPwd != null and dbPwd != ''">
                password = #{dbPwd,jdbcType=VARCHAR},
            </if>
        </set>
        where cnnid = #{id,jdbcType=VARCHAR}
    </update>


	<insert id="addDataSourceTable" parameterType="java.util.List">
	  BEGIN
	    <foreach collection="list" item="item" index="index" separator=";" > 
	    insert into REPORT_DATASOURCE_TABLE (CNNID,TABLEID, TABLENAME, TBTYPE)
	    values (#{item.id,jdbcType=VARCHAR}, #{item.tableId,jdbcType=VARCHAR},#{item.tableName,jdbcType=VARCHAR}, #{item.tableType,jdbcType=VARCHAR})
	      </foreach>  
	    ;END ;
  	</insert>
  
  
  	<insert id="addDataSourceTableFiled" parameterType="java.util.List">
	  BEGIN
      <foreach collection="list" item="item" index="index" separator=";" > 
      insert into REPORT_DATASOURCE_TABLE_FILED (CNNID, FILEDID, TABLEID,TABLENAME, TBTYPE,TABLEFILED,TABLEFILEDSQL,TABLEFILEDALIAS)
      values (#{item.id,jdbcType=VARCHAR},#{item.filedId,jdbcType=VARCHAR},  #{item.tableId,jdbcType=VARCHAR},  #{item.tableName,jdbcType=VARCHAR}, 
        #{item.tableType,jdbcType=VARCHAR}, #{item.tableFiled,jdbcType=VARCHAR}, 
        #{item.tableFiledSql,jdbcType=VARCHAR}, #{item.tableFiledAlias,jdbcType=VARCHAR})
        </foreach>  
      ;END ;
  	</insert>
  
    <delete id="delDataSourceTableFiledById" parameterType="java.lang.String">
    	delete from REPORT_DATASOURCE_TABLE_FILED t where t.cnnid = #{id} and t.tbtype !='target'
    </delete>
    
    <delete id="delDataSourceTableById" parameterType="java.lang.String">
    	delete from REPORT_DATASOURCE_TABLE t where t.cnnid = #{id} and t.tbtype !='target'
    </delete>
    
    <delete id="delTableByTableNameAndDsId" parameterType="com.icss.ebu.ami.report.business.model.DataSourceTable">
    	 delete from REPORT_DATASOURCE_TABLE t where t.cnnid = #{id} and t.tablename = #{tableName} and t.tbtype = 'target'
    </delete>
    
	<delete id="delTableFiledByTableNameAndDsId" parameterType="com.icss.ebu.ami.report.business.model.DataSourceTable">
    	 delete from REPORT_DATASOURCE_TABLE_FILED t where t.cnnid = #{id} and t.tablename = #{tableName} and t.tbtype = 'target'
    </delete>
    
     <select id="getTableCount" resultType="java.lang.Integer"  parameterType="com.icss.ebu.ami.report.business.model.DataSourceTable">
        select count(0) from report_datasource_table t 
        where t.cnnid = #{id}
        and t.tablename = #{tableName}
    </select>
    
</mapper>