<?xml version="1.0" encoding="UTF-8" ?>
<!DOCTYPE mapper PUBLIC "-//mybatis.org//DTD Mapper 3.0//EN" "http://mybatis.org/dtd/mybatis-3-mapper.dtd" >
<mapper namespace="com.icss.ebu.ami.report.business.mapper.ObjectTreeMapper">
    

	<select id="getObjectTreeList" parameterType="com.icss.ebu.ami.commons.pagePlugin.Page"  resultType="com.icss.ebu.ami.report.business.model.ObjectTreeBean">
		  select distinct t.OBJECTID   as "id",
           t.OBJECTNAME as "name",
           t.OBJECTDESC as "desc"
      from REPORT_OBJECT t, REPORTER_USER_OBJTREE u,report_object_tree o
          where t.objectid=o.objectid(+)
          and o.treeid=u.obj_id(+)
          <if test="params.userId != null and params.userId != ''"  >
		  	and u.user_id=#{params.userId}
		   </if>
		    <if test="params.tmpId != null and params.tmpId != ''"  >
		    and t.objectid in (select distinct do.objectid from report_report_design d, report_query q,REPORT_DATASET_OBJECT do
				where d.queryid=q.queryid
				and q.queryid=do.queryid
				and d.reportid=#{params.tmpId})
		   </if>
     order by t.OBJECTID
	</select>
	
	<insert id="addObjectTree" parameterType="com.icss.ebu.ami.report.business.model.ObjectTreeBean">
        insert into REPORT_OBJECT (OBJECTID,OBJECTNAME, OBJECTDESC)
        values (#{id,jdbcType=VARCHAR},#{name,jdbcType=VARCHAR}, #{desc,jdbcType=VARCHAR})
    </insert>


	<delete id="delObjectTreeById" parameterType="java.lang.String">
    	delete from REPORT_OBJECT t where t.OBJECTID = #{id} 
    </delete>
    
    <update id="updateObjectTree" parameterType="com.icss.ebu.ami.report.business.model.ObjectTreeBean">
        update REPORT_OBJECT
        <set>
            <if test="name != null">
                OBJECTNAME = #{name,jdbcType=VARCHAR},
            </if>
            <if test="desc != null">
                OBJECTDESC = #{desc,jdbcType=VARCHAR},
            </if>
        </set>
        where OBJECTID = #{id,jdbcType=VARCHAR}
    </update>
     <select id="queryAllObjectTree" parameterType="com.icss.ebu.ami.report.business.model.ObjectTreeBean" resultType="com.icss.ebu.ami.report.business.model.ObjectTreeBean">
		 select distinct t.OBJECTID   as "id",
		               t.OBJECTNAME as "name",
		               t.OBJECTDESC as "desc"
		          from REPORT_OBJECT t, REPORTER_USER_OBJTREE u
		          where t.objectid=u.obj_id(+)
		          <if test="userId != null and userId != ''"  >
				  	and u.user_id=#{userId}
				   </if>
		         order by t.OBJECTID
	</select>
    
    
    <insert id="addObjectTreeNode" parameterType="com.icss.ebu.ami.report.business.model.ObjectTreeNode">
        insert into REPORT_OBJECT_TREE (OBJECTID,TREEID, TREENAME,TREEPID,TREECODE,TREELEVEL)
        values (#{objectTreeId,jdbcType=VARCHAR},#{treeId,jdbcType=VARCHAR}, #{treeName,jdbcType=VARCHAR}, 
        #{treePid,jdbcType=VARCHAR}, #{treeCode,jdbcType=VARCHAR}, #{level,jdbcType=INTEGER})
    </insert>
    
    <update id="editObjectTreeNode" parameterType="com.icss.ebu.ami.report.business.model.ObjectTreeNode">
        update REPORT_OBJECT_TREE
        <set>
            <if test="treeName != null">
                TREENAME = #{treeName,jdbcType=VARCHAR},
            </if>
            <if test="treeCode != null">
                TREECODE = #{treeCode,jdbcType=VARCHAR},
            </if>
        </set>
        where TREEID = #{treeId,jdbcType=VARCHAR}
    </update>
    
    <delete id="delObjectTreeNode" parameterType="java.lang.String">
    	delete from REPORT_OBJECT_TREE t where t.TREEID = #{id} 
    </delete>
    
    <delete id="delObjectTreeNodeByObjectId" parameterType="java.lang.String">
    	delete from REPORT_OBJECT_TREE t where t.OBJECTID = #{id} 
    </delete>
    
    <select id="queryRootNodeByObjectId" resultType="com.icss.ebu.ami.report.business.model.ObjectTreeNode" parameterType="com.icss.ebu.ami.report.business.model.ObjectTreeNode">
        select t.objectid as "objectTreeId",t.treeid as "treeId",t.treename as "treeName",t.treepid as "treePid",
			t.treecode as "treeCode" ,t.treelevel as "treeLevel" from REPORT_OBJECT_TREE t
			where 
			t.objectid = #{id} and 
			t.treepid is null
    </select>
    
    <select id="queryNodeListByObjectId" resultType="com.icss.ebu.ami.report.business.model.ObjectTreeNode" parameterType="com.icss.ebu.ami.report.business.model.ObjectTreeBean">
      select  distinct t.objectid  as "objectTreeId",
             t.treeid    as "treeId",
             t.treename  as "treeName",
             t.treepid   as "treePid",
             t.treecode  as "treeCode",
             t.treelevel as "treeLevel",
             (select count(1) from REPORTER_USER_OBJTREE r where r.obj_id=t.treeid
	           <if test="userId != null and userId != ''"  >
			  	and r.user_id=#{userId}
			   </if>
             ) isAuth
        from REPORT_OBJECT_TREE t, REPORTER_USER_OBJTREE u
       where t.treeid=u.obj_id(+)
       and t.objectid = #{id}
		 <if test="userId != null and userId != ''"  >
	  	and u.user_id=#{userId}
	   </if>
    </select>
    
    <select id="findAll" resultType="com.icss.ebu.ami.report.business.model.ObjectTreeNode">
        select t.objectid as "objectTreeId",t.treeid as "treeId",t.treename as "treeName",t.treepid as "treePid",
			t.treecode as "treeCode" ,t.treelevel as "treeLevel" from REPORT_OBJECT_TREE t
			inner join report_object r
      		on r.objectid = t.objectid
    </select>
    
    <insert id="insertDataSetObject" parameterType="java.util.List">
    <foreach collection="list" item="item" index="index" open="begin" close=";end;" separator=";">
		    insert into REPORT_DATASET_OBJECT
		    <trim prefix="(" suffix=")" suffixOverrides=",">
	          <if test="item.id != null">
	            ID,    
	          </if>
	          <if test="item.queryId != null">
	            QUERYID,    
	             </if>
	          <if test="item.objectId != null">
	            OBJECTID,   
	             </if>
	            </trim>
	        <trim prefix="values (" suffix=")" suffixOverrides=",">
	           <if test="item.id != null">
	            #{item.id},
	            </if>
	           <if test="item.queryId != null">
	            #{item.queryId},
	            </if>
	           <if test="item.objectId != null">
	            #{item.objectId},
	            </if>
	           </trim>
        </foreach>
    </insert>
    
    <delete id="deleteDataSetObjectByQueryId" parameterType="java.lang.String">
    	delete from REPORT_DATASET_OBJECT where QUERYID=#{queryId}
    </delete>

    <select id="queryObjectTreesListByTempIds" parameterType="com.icss.ebu.ami.report.business.model.ReportTaskTempObjs"  resultType="com.icss.ebu.ami.report.business.model.ObjectTreeBean">
        <choose>
            <when test="ids != null and ids.length > 0">
                select distinct t.OBJECTID   as "id",
                t.OBJECTNAME as "name",
                t.OBJECTDESC as "desc"
                from REPORT_OBJECT t, REPORTER_USER_OBJTREE u,report_object_tree o
                where t.objectid=o.objectid(+)
                and o.treeid=u.obj_id(+)
                <if test="userId != null and userId != ''"  >
                    and u.user_id=#{params.userId}
                </if>
                and t.objectid in (select distinct do.objectid from report_report_design d, report_query
                q,REPORT_DATASET_OBJECT do
                where d.queryid=q.queryid
                and q.queryid=do.queryid
                and d.reportid in
                <foreach collection="ids" index="index" item="item" open="(" separator="," close=")">
                    ${item}
                </foreach>
                )
                order by t.OBJECTID
            </when>
            <otherwise>
                SELECT * FROM REPORT_OBJECT T WHERE T.ROWID IS NULL
            </otherwise>
        </choose>
    </select>
</mapper>