<?xml version="1.0" encoding="UTF-8" ?>
<!DOCTYPE mapper PUBLIC "-//mybatis.org//DTD Mapper 3.0//EN" "http://mybatis.org/dtd/mybatis-3-mapper.dtd" >
<mapper namespace="com.icss.ebu.ami.report.business.mapper.OrganizationMapper">
    <resultMap id="BaseResultMap" type="com.icss.ebu.ami.commons.bean.vo.Organization">
        <id column="id" property="id" jdbcType="VARCHAR"/>
        <result column="name" property="name" jdbcType="VARCHAR"/>
        <result column="address" property="address" jdbcType="VARCHAR"/>
        <result column="ADMINISTRATIVE_LEVEL" property="administrativeLevel" jdbcType="VARCHAR"/>
        <result column="code" property="code" jdbcType="VARCHAR"/>
        <result column="icon" property="icon" jdbcType="VARCHAR"/>
        <result column="type" property="type" jdbcType="VARCHAR"/>
        <result column="pid" property="pid" jdbcType="VARCHAR"/>
        <result column="org_no" property="orgNo" jdbcType="VARCHAR"/>
        <result column="seq" property="seq" jdbcType="TINYINT"/>
        <result column="createdate" property="createdate" jdbcType="TIMESTAMP"/>
    </resultMap>
    <sql id="Base_Column_List">
        ID, NAME, ADDRESS,ADMINISTRATIVE_LEVEL, CODE, ICON, TYPE, PID, SEQ, CREATEDATE, ORG_NO
    </sql>

    <select id="queryOrgTreeGrid" resultMap="BaseResultMap" parameterType="com.icss.ebu.ami.commons.bean.vo.Organization">
        SELECT DISTINCT
			(SELECT COUNT(1) FROM T_SYS_ORGANIZATION T WHERE T.PID = O.ID AND T.TYPE = O.TYPE) AS childrenNum,
			<include refid="Base_Column_List"/>
		FROM
			T_SYS_ORGANIZATION O
		WHERE O.TYPE = '1'
	    <choose>
	        <when test="pid !=null and pid != ''">
	            AND O.PID = #{pid}
	        </when>
	        <otherwise>
	            AND O.PID IS NULL
	        </otherwise>
	    </choose>
		ORDER BY
			O.SEQ, O.ID
    </select>
    <select id="queryDeptTreeGrid" resultMap="BaseResultMap" parameterType="com.icss.ebu.ami.commons.bean.vo.Organization">
		SELECT DISTINCT
			O.*,
			U.ID AS deptAdminId,
			U.NAME AS deptAdminName,
			(SELECT COUNT(1) FROM T_SYS_ORGANIZATION T WHERE T.PID = O.ID) AS childrenNum
		FROM
			T_SYS_ORGANIZATION O, T_SYS_USER U, T_SYS_DEPT_ADMIN A
		WHERE
			O.CODE = A.DEPT_NO(+)
			AND A.USER_ID = U.ID(+)
	    <choose>
	        <when test="pid !=null and pid != ''">
	            AND O.PID = #{pid}
	        </when>
	        <otherwise>
	            AND O.PID IS NULL
	        </otherwise>
	    </choose>
		ORDER BY
			O.SEQ,O.ID
    </select> 
    <select id="findOrganizationAllByPid" resultMap="BaseResultMap" parameterType="com.icss.ebu.ami.commons.bean.vo.Organization">
		SELECT DISTINCT
			(SELECT COUNT(1) FROM T_SYS_ORGANIZATION T WHERE T.PID = O.ID AND T.TYPE = O.TYPE) AS childrenNum,
			<include refid="Base_Column_List"/>
		FROM
			T_SYS_ORGANIZATION O
		WHERE
			O.PID = #{pid}
			<if test="type != '' and type != null">
			AND O.TYPE = ${type}
			</if>
		ORDER BY
			O.SEQ, O.ID
    </select>
    
    <select id="treeOrgChoose" resultMap="BaseResultMap" parameterType="com.icss.ebu.ami.commons.bean.vo.Organization">
        select distinct
        (select count(1) from t_sys_organization t where t.pid = a.id
        <if test="type != '' and type != null">
        	and type = #{type,jdbcType=VARCHAR}
        </if>
        ) as childrenNum,
        <include refid="Base_Column_List"/>
        from t_sys_organization a where id = #{id}
        <if test="type != '' and type != null">
        	and type = #{type,jdbcType=VARCHAR}
        </if>        
        order by seq,id
    </select>
    
    <select id="findRootOrgOrderById" resultMap="BaseResultMap" parameterType="com.icss.ebu.ami.commons.bean.vo.Organization">
        select distinct
        <include refid="Base_Column_List"/>
        from t_sys_organization where pid is null
        <if test="type != '' and type != null">
        	and type = #{type,jdbcType=VARCHAR}
        </if>
        order by id
    </select>
    <select id="findSubOrgOrderById" resultMap="BaseResultMap" parameterType="com.icss.ebu.ami.commons.bean.vo.Organization">
        select distinct
        <include refid="Base_Column_List"/>
        from t_sys_organization where 1=1
        <if test="pid != '' and pid != null">
            and pid = #{pid}
        </if>
        <if test="type != '' and type != null">
        	and type = #{type,jdbcType=VARCHAR}
        </if>
        <if test="orgNo != '' and orgNo != null">
            and org_no = #{orgNo,jdbcType=VARCHAR}
        </if>
        order by id
    </select>     
     <select id="findOrganizationByIds" resultMap="BaseResultMap" parameterType="java.lang.String">
        select 
        id, name, address, code, icon, type, pid, seq, createDate, org_no
        from t_sys_organization where id in ${value}
    </select> 
    <select id="querySubOrgCountOfPid"  resultType="java.lang.Integer">
        SELECT count(1) FROM t_sys_organization a WHERE a.pid=#{pid}
    </select>
    
    <select id="findOrganization" resultMap="BaseResultMap" parameterType="com.icss.ebu.ami.commons.bean.vo.Organization">
        select
        <include refid="Base_Column_List"/>
        from t_sys_organization where 1=1
        <if test="name != '' and name != null">
        	and name = #{name,jdbcType=VARCHAR}
        </if>
    </select>

    <select id="findOrganizationById" parameterType="java.lang.String" resultType="com.icss.ebu.ami.commons.bean.vo.Organization">
        select distinct
        o.id as "id", o.name as "name", o.address as "address",o.administrative_level as "administrativeLevel", o.code as "code", o.icon as "icon", o.type as "type",
         o.pid as "pid", o.seq as "seq", o.createDate as "createdate",
         o.org_no as "orgNo", m.map_id as "mapId"
        from t_sys_organization o, T_ORG_MAP_RELA m
        where o.code=m.org_id(+) and  o.id = #{id}
    </select>

    <delete id="deleteOrganizationById" parameterType="java.lang.String">
        delete from t_sys_organization
        where id = #{id,jdbcType=VARCHAR}
    </delete>

    <insert id="insert" parameterType="com.icss.ebu.ami.commons.bean.vo.Organization">
        insert into t_sys_organization (id, name,
        <if test="address != null">
            address,
        </if>
        <if test="administrativeLevel != null">
            administrative_level,
        </if>
        code,
        icon, type, pid, seq, createdate,
        org_no
        )
        values (#{id,jdbcType=VARCHAR}, #{name,jdbcType=VARCHAR},
        <if test="address != null">
            #{address,jdbcType=VARCHAR},
        </if>
        <if test="administrativeLevel != null">
            #{administrativeLevel,jdbcType=VARCHAR},
        </if>
        #{code,jdbcType=VARCHAR},
        #{icon,jdbcType=VARCHAR},#{type,jdbcType=VARCHAR},
        #{pid,jdbcType=VARCHAR}, #{seq,jdbcType=TINYINT}, #{createdate,jdbcType=TIMESTAMP},
        #{orgNo,jdbcType=VARCHAR}
        )
    </insert>

    <update id="updateOrganization" parameterType="com.icss.ebu.ami.commons.bean.vo.Organization">
        update t_sys_organization
        <set>
            <if test="name != null">
                name = #{name,jdbcType=VARCHAR},
            </if>
            <if test="address != null">
                address = #{address,jdbcType=VARCHAR},
            </if>
            <if test="administrativeLevel != null">
                administrative_level = #{administrativeLevel,jdbcType=VARCHAR},
            </if>
            <if test="code != null">
                code = #{code,jdbcType=VARCHAR},
            </if>
            <if test="icon != null">
                icon = #{icon,jdbcType=VARCHAR},
            </if>
            <if test="pid != null">
                pid = #{pid,jdbcType=VARCHAR},
            </if>
            <if test="seq != null">
                seq = #{seq,jdbcType=TINYINT},
            </if>
            <if test="type != null">
                type = #{type,jdbcType=VARCHAR},
            </if>
            <if test="orgNo != null">
                org_no = #{orgNo,jdbcType=VARCHAR},
            </if>
        </set>
        where id = #{id,jdbcType=VARCHAR}
    </update>
    <select id="findOrganizationByOrgNoAndType" resultMap="BaseResultMap" parameterType="com.icss.ebu.ami.commons.bean.vo.Organization">
        select distinct
        <include refid="Base_Column_List"/>
			from t_sys_organization where 1=1
        <if test="type != null">
			and type = #{type,jdbcType=VARCHAR}
        </if>
        <if test="orgNo != null">
	        START WITH org_no = #{orgNo,jdbcType=VARCHAR}
	        connect by prior id = pid
        </if>
        order by pid,upper(name),type asc
    </select>

    <select id="countSubsByOrgNo" resultType="java.lang.Integer" parameterType="java.lang.String">
        select COUNT(1) FROM g_subs where org_No = #{orgNo,jdbcType=VARCHAR}
    </select>
    <select id="countMtranByOrgNo" resultType="java.lang.Integer" parameterType="java.lang.String">
        select COUNT(1) FROM g_mtran where org_No = #{orgNo,jdbcType=VARCHAR}
    </select>
    <select id="countMlineByOrgNo" resultType="java.lang.Integer" parameterType="java.lang.String">
        select COUNT(1) FROM g_mline where org_No = #{orgNo,jdbcType=VARCHAR}
    </select>
    <select id="countLineByOrgNo" resultType="java.lang.Integer" parameterType="java.lang.String">
        select COUNT(1) FROM g_line where org_No = #{orgNo,jdbcType=VARCHAR}
    </select>
    <select id="countTgByOrgNo" resultType="java.lang.Integer" parameterType="java.lang.String">
        select COUNT(1) FROM g_tg where org_No = #{orgNo,jdbcType=VARCHAR}
    </select>
    <select id="countMeterByOrgNo" resultType="java.lang.Integer" parameterType="java.lang.String">
        <![CDATA[
          select COUNT(1) FROM d_meter t where t.BELONG_DEPT = #{orgNo,jdbcType=VARCHAR} and t.cur_status_code not in('010', '014')
        ]]>
    </select>  
    <select id="countItByOrgNo" resultType="java.lang.Integer" parameterType="java.lang.String">
        <![CDATA[
          select COUNT(1) FROM d_it t where t.BELONG_DEPT = #{orgNo,jdbcType=VARCHAR} and t.cur_status_code not in('009', '013')
        ]]>
    </select>
    <select id="countEquipByOrgNo" resultType="java.lang.Integer" parameterType="java.lang.String">
        <![CDATA[
         select COUNT(1) FROM d_lc_equip t where t.DEPT_NO = #{orgNo,jdbcType=VARCHAR} and t.cur_status_code not in ('002', '012')
        ]]>
    </select>
    <select id="countSealByOrgNo" resultType="java.lang.Integer" parameterType="java.lang.String">
        <![CDATA[
          select COUNT(1) FROM d_seal t where t.ORG_NO = #{orgNo,jdbcType=VARCHAR} and t.status_code not in('04')
        ]]>
    </select>
    <select id="queryRootOrgMaxID" resultType="java.lang.String">
        SELECT
            MAX (t.id)
        FROM
            T_SYS_ORGANIZATION t
        WHERE
            t.pid IS NULL
    </select>
    <select id="querySubOrgMaxIdOfPidAndType"  resultType="java.lang.String" parameterType="com.icss.ebu.ami.commons.bean.vo.Organization">
        SELECT MAX(a.id) FROM t_sys_organization a WHERE a.pid=#{pid} AND a.type=#{type}
    </select>
        
    <select id="countConsNumberByOrgNo" resultType="java.lang.Integer" parameterType="java.lang.String">
        <![CDATA[
          SELECT COUNT(1) FROM c_cons t WHERE t.org_no = #{orgNo,jdbcType=VARCHAR} AND t.status_code <> '9'
        ]]>
    </select>
    
    <select id="findAllChildOrganization" resultType="com.icss.ebu.ami.commons.bean.vo.Organization" parameterType="com.icss.ebu.ami.commons.bean.vo.Organization">
	    select <include refid="Base_Column_List"/>
	      from t_sys_organization
	      where 1=1
	      <if test="type != null and type != ''">
		      and type = #{type}
	      </if> 
	     start with id = #{id}
	    connect by prior id = pid
    </select>
    <select id="findOnlyOrganizationByOrgNoAndType" resultMap="BaseResultMap" parameterType="com.icss.ebu.ami.commons.bean.vo.Organization">
        select distinct
        <include refid="Base_Column_List"/>
			from t_sys_organization where 1=1
        <if test="type != null">
			and type = #{type,jdbcType=VARCHAR}
        </if>
        <if test="orgNo != null">
	        and org_no = #{orgNo,jdbcType=VARCHAR}
        </if>
        order by seq asc,id,type asc
    </select>
    
    <select id="findOrganizationBySubId" parameterType="java.lang.String" resultType="com.icss.ebu.ami.commons.bean.vo.Organization">
    select 
    t.id      id,
    t.name    name
  from g_subs g,t_sys_organization t
  where g.org_no = t.id
     and g.subs_id=#{id}
    </select>
    
     <select id="findParentOrgById" resultType="java.util.Map" parameterType="java.util.Map">
        select t.pid pId,
		       (select name
		          from t_sys_organization
		         where org_no = t.pid
		           and type = '1') pName
		  from t_sys_organization t
		 where t.org_no = #{orgId}
		   and t.type = '1'
		   and exists (select 1
		          from t_sys_organization s
		         where s.org_no = t.pid
		           and s.type = '1'
		         start with s.org_no = #{loginId}
		        connect by prior s.id = s.pid)
    </select>
    
    <!-- 查询当前用户供电单位和部门 -->
    <select id="findDeptAndOrg" resultMap="BaseResultMap" parameterType="com.icss.ebu.ami.commons.bean.vo.Organization">
        select distinct
        (select count(1) from t_sys_organization t where t.pid = a.id
        <if test="type != '' and type != null">
        	and type = #{type,jdbcType=VARCHAR}
        </if>
        ) as childrenNum,
        <include refid="Base_Column_List"/>
        from t_sys_organization a where id = #{id}
        <if test="type != '' and type != null">
        	and type = #{type,jdbcType=VARCHAR}
        </if>
        order by seq,id  
    </select>
    
    <select id="treeOrgAndDeptAll" resultMap="BaseResultMap" >
        select distinct
        (select count(1) from t_sys_organization t where t.pid = a.id) as childrenNum,
        <include refid="Base_Column_List"/>
        from t_sys_organization a      
        order by seq,id
    </select>
    
    <select id="findDeptsByPage" resultMap="BaseResultMap" parameterType="com.icss.ebu.ami.commons.pagePlugin.Page">
       select <include refid="Base_Column_List"/>
       from t_sys_organization where type='2' 
        <if test="params.name != '' and params.name != null">
        	and name = LIKE concat(concat('%',#{params.name}),'%') escape '/' 
        </if>
       START WITH id = #{id} connect by prior id = pid
    </select>
    
      <select id="findOrganizationByName" parameterType="java.lang.String" resultType="com.icss.ebu.ami.commons.bean.vo.Organization">
       select 
			t.id      id,
			c.name   name
			 from t_sys_organization t
			  left join T_ORG_MAP_RELA o on t.id = o.org_id
			  left join T_SYS_MAP_ORG c      on  o.map_id = c.id
			  
			  where c.name = #{name} and t.type = '1'
    </select>
    
    <select id="findMapOrganizationById" parameterType="java.lang.String" resultType="com.icss.ebu.ami.commons.bean.vo.Organization">
     select 
			t.id      id,
			c.name   name,
			(select count(id) from t_sys_organization where pid= t.id and type='1')   childrenNum
			 from t_sys_organization t
			  left join T_ORG_MAP_RELA o on t.id = o.org_id
			  left join T_SYS_MAP_ORG c      on  o.map_id = c.id
			  
			  where t.id = #{id} and t.type = '1'
    
    </select>
    
    <select id="findDeptTreeByChild" parameterType="java.lang.String" resultMap="BaseResultMap">
		SELECT
			*
		FROM
			T_SYS_ORGANIZATION 
		START WITH
			ID = #{id}
		CONNECT BY
			PRIOR PID = ID
    </select>
    
    <select id="findNode" parameterType="java.util.HashMap" resultType="com.icss.ebu.ami.report.business.result.OrgTree">        
		SELECT id,name,type FROM 
		(
			SELECT 
				TO_CHAR(id) as id,
				name,
				type
			FROM 
			(
			    <if test="diff==0">
			    	SELECT MLINE_ID AS id,LINE_NAME AS name,'03' AS type FROM G_MLINE WHERE ORG_NO LIKE CONCAT (#{orgNo},'%') AND UPPER(LINE_NAME) LIKE CONCAT(CONCAT('%',UPPER(#{content})),'%') 
					UNION
					SELECT TLINE_ID AS id,LINE_NAME AS name,'08' AS type FROM G_TLINE WHERE ORG_NO LIKE CONCAT (#{orgNo},'%') AND UPPER(LINE_NAME) LIKE CONCAT(CONCAT('%',UPPER(#{content})),'%')
					UNION
					SELECT MTRAN_ID AS id,TRAN_NAME AS name,'04' AS type FROM G_MTRAN WHERE ORG_NO LIKE CONCAT (#{orgNo},'%') AND UPPER(TRAN_NAME) LIKE CONCAT(CONCAT('%',UPPER(#{content})),'%') 
					UNION
					SELECT SUBS_ID AS id,SUBS_NAME AS name,'05' AS type FROM G_SUBS WHERE ORG_NO LIKE CONCAT (#{orgNo},'%') AND UPPER(SUBS_NAME) LIKE CONCAT(CONCAT('%',UPPER(#{content})),'%')			    			    
			    </if>
			    <if test="diff==1">
			    	SELECT TG_ID AS id,TG_NAME AS name,'01' AS type FROM G_TG WHERE ORG_NO LIKE CONCAT (#{orgNo},'%') AND UPPER(TG_NAME) LIKE CONCAT(CONCAT('%',UPPER(#{content})),'%') 
					UNION
					SELECT LINE_ID AS id,LINE_NAME AS name,'02' AS type FROM G_LINE WHERE ORG_NO LIKE CONCAT (#{orgNo},'%') AND UPPER(LINE_NAME) LIKE CONCAT(CONCAT('%',UPPER(#{content})),'%')
					UNION
					SELECT SUBS_ID AS id,SUBS_NAME AS name,'05' AS type FROM G_SUBS WHERE ORG_NO LIKE CONCAT (#{orgNo},'%') AND UPPER(SUBS_NAME) LIKE CONCAT(CONCAT('%',UPPER(#{content})),'%')			    				 			    
			    </if>			    
			    <if test="diff==2">
				    SELECT TG_ID AS id,TG_NAME AS name,'01' AS type FROM G_TG WHERE ORG_NO LIKE CONCAT (#{orgNo},'%') AND UPPER(TG_NAME) LIKE CONCAT(CONCAT('%',UPPER(#{content})),'%') 
					UNION
					SELECT LINE_ID AS id,LINE_NAME AS name,'02' AS type FROM G_LINE WHERE ORG_NO LIKE CONCAT (#{orgNo},'%') AND UPPER(LINE_NAME) LIKE CONCAT(CONCAT('%',UPPER(#{content})),'%') 
					UNION
					SELECT MLINE_ID AS id,LINE_NAME AS name,'03' AS type FROM G_MLINE WHERE ORG_NO LIKE CONCAT (#{orgNo},'%') AND UPPER(LINE_NAME) LIKE CONCAT(CONCAT('%',UPPER(#{content})),'%')
					UNION
					SELECT TLINE_ID AS id,LINE_NAME AS name,'08' AS type FROM G_TLINE WHERE ORG_NO LIKE CONCAT (#{orgNo},'%') AND UPPER(LINE_NAME) LIKE CONCAT(CONCAT('%',UPPER(#{content})),'%')
					UNION
					SELECT MTRAN_ID AS id,TRAN_NAME AS name,'04' AS type FROM G_MTRAN WHERE ORG_NO LIKE CONCAT (#{orgNo},'%') AND UPPER(TRAN_NAME) LIKE CONCAT(CONCAT('%',UPPER(#{content})),'%')
					UNION
					SELECT SUBS_ID AS id,SUBS_NAME AS name,'05' AS type FROM G_SUBS WHERE ORG_NO LIKE CONCAT (#{orgNo},'%') AND UPPER(SUBS_NAME) LIKE CONCAT(CONCAT('%',UPPER(#{content})),'%')			    
			    </if>			    
			)
			UNION
			SELECT ID AS id ,NAME AS name,'06' AS type FROM T_SYS_ORGANIZATION WHERE ID LIKE CONCAT (#{orgNo},'%') AND TYPE=1 AND UPPER(NAME) LIKE CONCAT(CONCAT('%',UPPER(#{content})),'%') 
		)
		WHERE <![CDATA[ rownum<=10 ]]> ORDER BY name DESC		 
    </select>
</mapper>