<?xml version="1.0" encoding="UTF-8" ?>
<!DOCTYPE mapper PUBLIC "-//mybatis.org//DTD Mapper 3.0//EN" "http://mybatis.org/dtd/mybatis-3-mapper.dtd" >
<mapper namespace="com.icss.ebu.ami.report.business.mapper.ReportDataPositionMapper">
	<resultMap id="ResultMap" type="com.icss.ebu.ami.report.business.model.ReportDataPosition">
        <id column="DATAID" property="dataid" jdbcType="VARCHAR"/>
        <result column="TMPID" property="tmpid" jdbcType="VARCHAR"/>
        <result column="DATANAME" property="dataname" jdbcType="VARCHAR"/>
        <result column="SHEETNAME" property="sheetname" jdbcType="VARCHAR"/>
        <result column="POSITION" property="position" jdbcType="VARCHAR"/>
    </resultMap>
	
	<select id="queryListByTmpId" resultMap="ResultMap" parameterType="java.lang.String">
		select * from REPORT_DATA_POSITION where tmpid = #{tmpid}
	</select>
	
	<insert id="insert" parameterType="com.icss.ebu.ami.report.business.model.ReportDataPosition">
		insert into REPORT_DATA_POSITION (dataid,tmpid,dataname,sheetname,position) values(#{dataid,jdbcType=VARCHAR},#{tmpid,jdbcType=VARCHAR},#{dataname,jdbcType=VARCHAR},#{sheetname,jdbcType=VARCHAR},#{position,jdbcType=VARCHAR})
	</insert>
	
	<insert id="insertList" parameterType="java.util.List">
		BEGIN
	    <foreach collection="list" item="item" index="index" separator=";" > 
	    insert into REPORT_DATA_POSITION (dataid,tmpid,dataname,sheetname,position)
	    values (#{item.dataid,jdbcType=VARCHAR},#{item.tmpid,jdbcType=VARCHAR},#{item.dataname,jdbcType=VARCHAR},#{item.sheetname,jdbcType=VARCHAR},#{item.position,jdbcType=VARCHAR})
	      </foreach>  
	    ;END ;
	</insert>
	
	<delete id="deleteByTmpId" parameterType="java.lang.String">
		delete from REPORT_DATA_POSITION where tmpid = #{tmpid}
	</delete>
	
</mapper>