<?xml version="1.0" encoding="UTF-8" ?>
<!DOCTYPE mapper PUBLIC "-//mybatis.org//DTD Mapper 3.0//EN" "http://mybatis.org/dtd/mybatis-3-mapper.dtd" >
<mapper namespace="com.icss.ebu.ami.report.business.mapper.ReportFileMapper">
    <resultMap id="ResultMap" type="com.icss.ebu.ami.report.business.model.ReportFile">
        <id column="REPORTID" property="reportId" jdbcType="VARCHAR"/>
        <result column="REPORTNAME" property="reportName" jdbcType="VARCHAR"/>
        <result column="REPORTTYPE" property="reportType" jdbcType="VARCHAR"/>
        <result column="TEMPID" property="tempId" jdbcType="VARCHAR"/>
        <result column="TMPKEY" property="tmpKey" jdbcType="VARCHAR"/>
        <result column="REPORTDESC" property="reportDesc" jdbcType="VARCHAR"/>
        <result column="REPORTPATH" property="reportPath" jdbcType="VARCHAR"/>
        <result column="SUBTYPE" property="subType" jdbcType="VARCHAR"/>
        <result column="REPORTSTATUS" property="reportStatus" jdbcType="VARCHAR"/>
        <result column="CREATETIME" property="createTime" jdbcType="TIMESTAMP"/>
        <result column="TMPNAME" property="tempName" jdbcType="VARCHAR"/>
		<result column="USERNAME" property="userName" jdbcType="VARCHAR"/>
    </resultMap>

    <resultMap id="ReportHtmlMap" type="com.icss.ebu.ami.report.business.model.ReportHtml">
        <id column="ID" property="id" jdbcType="VARCHAR"/>
        <result column="SHEET_NAME" property="sheetName" jdbcType="VARCHAR"/>
        <result column="HTML_TYPE" property="htmlType" jdbcType="VARCHAR"/>
        <result column="HTML_PATH" property="htmlPath" jdbcType="VARCHAR"/>
        <result column="HTML_NAME" property="htmlName" jdbcType="VARCHAR"/>
        <result column="SHOW_NAME" property="showName" jdbcType="VARCHAR"/>
    </resultMap>

    <select id="queryReportFileByPage"  resultMap="ResultMap" parameterType="com.icss.ebu.ami.commons.pagePlugin.Page">
		select REPORTID,REPORTNAME,REPORTTYPE,TEMPID,TMPKEY,REPORTDESC,REPORTPATH,SUBTYPE,REPORTSTATUS,CREATETIME,TMPNAME,USERNAME FROM (
		SELECT distinct f.*,t.TMPNAME AS TMPNAME,
		(case when f.userId = '0' then 'System' else r.name end) USERNAME,
		(case when (select count(0) from REPORT_FILE_TREE FFF WHERE fff.reportid=f.reportid) >0 then
		(SELECT COUNT(0) FROM REPORT_FILE_TREE FT ,REPORTER_USER_OBJTREE OB
		where FT.TREEID=OB.OBJ_ID(+)
		and FT.REPORTID=F.REPORTID
		<if test="params.userId != null and params.userId !=''">
			and ob.user_id = #{params.userId}
		</if>
		) else
		-1 end) countt
		FROM REPORT_REPORT_FILE f, REPORT_TEMPLATE t, REPORT_USER_TEMPLATE u,report_user r
		where f.tempid = t.tmpid
		and t.tmpid = u.report_id(+)
		and f.userid = r.id(+)
		<if test="params.userId != null and params.userId !=''">
			and u.user_id = #{params.userId}
		</if>
		<if test="params.reportName != null and params.reportName !=''">
			and f.REPORTNAME LIKE CONCAT(CONCAT('%',#{params.reportName}),'%') ESCAPE '/'
		</if>
		<if test="params.reportType != null and params.reportType !=''">
			AND f.REPORTTYPE = #{params.reportType}
		</if>
		<if test="params.tmpKey != null and params.tmpKey !=''">
			AND f.TMPKEY LIKE CONCAT(CONCAT('%',#{params.tmpKey}),'%') ESCAPE '/'
		</if>
		)CC
		WHERE (CC.COUNTT>0 OR CC.COUNTT=-1)
		ORDER BY CREATETIME DESC,REPORTID DESC
    </select>

    <select id="queryReportFileById"  resultMap="ResultMap" parameterType="java.lang.String">
        SELECT * FROM REPORT_REPORT_FILE WHERE REPORTID = #{id}
    </select>

	<select id="queryReportFileByDesc"  resultMap="ResultMap" parameterType="java.lang.String">
		SELECT * FROM REPORT_REPORT_FILE WHERE REPORTDESC LIKE CONCAT(#{desc}, '%') ESCAPE '/'
	</select>

    <select id="queryReportFile"  resultMap="ResultMap" parameterType="com.icss.ebu.ami.report.business.model.ReportFile">
        SELECT * FROM REPORT_REPORT_FILE
        where createtime &lt; #{createTime}
    </select>

    <update id="editReportFile" parameterType="com.icss.ebu.ami.report.business.model.ReportFile">
		UPDATE REPORT_REPORT_FILE
		<set>
			<if test="reportName != null and reportName !=''">
				REPORTNAME = #{reportName},
			</if>
			<if test="reportDesc != null and reportDesc !=''">
				REPORTDESC = #{reportDesc},
			</if>
			<if test="reportStatus != null and reportStatus !=''">
				REPORTSTATUS = #{reportStatus},
			</if>
		</set>
		WHERE REPORTID = #{reportId}
    </update>

    <delete id="delReportFileById" parameterType="java.lang.String">
        DELETE FROM REPORT_REPORT_FILE WHERE REPORTID = #{id}
    </delete>

	<insert id="addReportFile" parameterType="com.icss.ebu.ami.report.business.model.ReportFile">
		INSERT INTO REPORT_REPORT_FILE
		<trim prefix="(" suffix=")" suffixOverrides=",">
			<if test="reportId != null">
				REPORTID,
			</if>
			<if test="reportName != null">
				REPORTNAME,
			</if>
			<if test="reportType != null">
				REPORTTYPE,
			</if>
			<if test="tempId != null">
				TEMPID,
			</if>
			<if test="tmpKey != null">
				TMPKEY,
			</if>
			<if test="reportDesc != null">
				REPORTDESC,
			</if>
			<if test="reportPath != null">
				REPORTPATH,
			</if>
			<if test="subType != null">
				SUBTYPE,
			</if>
			<if test="reportStatus != null">
				REPORTSTATUS,
			</if>
			<if test="userId != null">
				USERID,
			</if>
			CREATETIME
		</trim>
		<trim prefix="values (" suffix=")" suffixOverrides=",">
			<if test="reportId != null">
				#{reportId},
			</if>
			<if test="reportName != null">
				#{reportName},
			</if>
			<if test="reportType != null">
				#{reportType},
			</if>
			<if test="tempId != null">
				#{tempId},
			</if>
			<if test="tmpKey != null">
				#{tmpKey},
			</if>
			<if test="reportDesc != null">
				#{reportDesc},
			</if>
			<if test="reportPath != null">
				#{reportPath},
			</if>
			<if test="subType != null">
				#{subType},
			</if>
			<if test="reportStatus != null">
				#{reportStatus},
			</if>
			<if test="userId != null">
				#{userId},
			</if>
			sysDate
		</trim>
	</insert>
    
    <insert id="addReportHtml" parameterType="java.util.List">
		<foreach collection="list" item="item" index="index" open="begin" close=";end;" separator=";">
			insert into REPORT_SHEET_HTML
			<trim prefix="(" suffix=")" suffixOverrides=",">
				<if test="item.id != null">
					ID,
				</if>
				<if test="item.sheetName != null">
					SHEET_NAME,
				</if>
				<if test="item.htmlType != null">
					HTML_TYPE,
				</if>
				<if test="item.htmlPath != null">
					HTML_PATH,
				</if>
				<if test="item.htmlName != null">
					HTML_NAME,
				</if>
				<if test="item.showName != null">
					show_name,
				</if>
			</trim>
			<trim prefix="values (" suffix=")" suffixOverrides=",">
				<if test="item.id != null">
					#{item.id},
				</if>
				<if test="item.sheetName != null">
					#{item.sheetName},
				</if>
				<if test="item.htmlType != null">
					#{item.htmlType},
				</if>
				<if test="item.htmlPath != null">
					#{item.htmlPath},
				</if>
				<if test="item.htmlName != null">
					#{item.htmlName},
				</if>
				<if test="item.showName != null">
					#{item.showName},
				</if>
			</trim>
		</foreach>
    </insert>

    <select id="queryHtmlsByPage" resultMap="ReportHtmlMap" parameterType="com.icss.ebu.ami.commons.pagePlugin.Page">
    	SELECT * FROM REPORT_SHEET_HTML WHERE ID=#{params.id}
    </select>

    <select id="queryHtmlsByReportId" resultMap="ReportHtmlMap" parameterType="java.lang.String">
        SELECT * FROM REPORT_SHEET_HTML WHERE ID=#{id}
    </select>

    <update id="editReportHtml" parameterType="com.icss.ebu.ami.report.business.model.ReportHtml">
        UPDATE REPORT_SHEET_HTML
        <set>
            <if test="htmlName != null and htmlName !=''">
                HTML_NAME = #{htmlName}
            </if>
        </set>
        WHERE ID = #{id} AND SHEET_NAME = #{sheetName}
    </update>

    <delete id="deleteReportHtmlsById" parameterType="java.lang.String">
		DELETE FROM REPORT_SHEET_HTML WHERE ID = #{id}
	</delete>
	
	 <insert id="insertReportFileTree" parameterType="java.util.List">
    	<foreach collection="list" item="item" index="index" open="begin" close=";end;" separator=";">
		    insert into REPORT_FILE_TREE
		    <trim prefix="(" suffix=")" suffixOverrides=",">
	          <if test="item.id != null">
	            ID,    
	          </if>
	          <if test="item.reportId != null">
	            REPORTID,    
	             </if>
	          <if test="item.treeId != null">
	            TREEID,   
	             </if>
	            </trim>
	        <trim prefix="values (" suffix=")" suffixOverrides=",">
	           <if test="item.id != null">
	            #{item.id},
	            </if>
	           <if test="item.reportId != null">
	            #{item.reportId},
	            </if>
	           <if test="item.treeId != null">
	            #{item.treeId},
	            </if>
	           </trim>
        </foreach>
    </insert>
     <delete id="deleteReportFileTreeByReportId" parameterType="java.lang.String">
		DELETE FROM REPORT_FILE_TREE WHERE REPORTID = #{reportId}
	</delete>
	
	
    <insert id="insertReportLog" parameterType="com.icss.ebu.ami.report.business.model.ReportLog"> 
	    insert into REPORT_LOG
	    <trim prefix="(" suffix=")" suffixOverrides=",">
	          <if test="reportId != null">
	            REPORTID,    
	             </if>
	          <if test="currentTime != null">
	            CURRENT_TIME,    
	             </if>
	          <if test="startTime != null">
	            START_TIME,   
	             </if>
	          <if test="endTime != null">
	            END_TIME,  
	             </if>
	          <if test="treeParam != null">
	            treeParam,  
	             </if>
	          <if test="status != null">
	            STATUS,   
	             </if>
	          <if test="creatorId != null">
	            CREATORID,   
	             </if>
	          <if test="createTime != null">
	            CREATETIME,
	             </if>
	            </trim>
	        <trim prefix="values (" suffix=")" suffixOverrides=",">
	           <if test="reportId != null">
	            #{reportId},
	            </if>
	           <if test="currentTime != null">
	            #{currentTime},
	            </if>
	           <if test="startTime != null">
	            #{startTime},
	            </if>
	           <if test="endTime != null">
	            #{endTime},
	            </if>
	           <if test="treeParam != null">
	            #{treeParam},
	            </if>
	           <if test="status != null">
	            #{status},
	            </if>
	           <if test="creatorId != null">
	            #{creatorId},
	            </if>
	           <if test="createTime != null">
	            #{createTime},
	            </if>
	           </trim>
    </insert>
    
    <update id="editReportLog" parameterType="com.icss.ebu.ami.report.business.model.ReportFile">
        UPDATE REPORT_LOG
        <set>
            <if test="reportStatus != null ">
            STATUS = #{reportStatus}
            </if>
        </set>
        WHERE REPORTID = #{reportId}
    </update>
</mapper>
