<?xml version="1.0" encoding="UTF-8" ?>
<!DOCTYPE mapper PUBLIC "-//mybatis.org//DTD Mapper 3.0//EN" "http://mybatis.org/dtd/mybatis-3-mapper.dtd" >
<mapper namespace="com.icss.ebu.ami.report.business.mapper.ReportTaskMapper">
    <resultMap id="ResultMap" type="com.icss.ebu.ami.report.business.model.ReportTask">
        <id column="ID" property="id" jdbcType="VARCHAR"/>
        <result column="NAME" property="name" jdbcType="VARCHAR"/>
        <result column="CODE" property="code" jdbcType="VARCHAR"/>
        <result column="START_TIME" property="startTime" jdbcType="VARCHAR"/>
        <result column="END_TIME" property="endTime" jdbcType="DATE"/>
        <result column="OFFSET" property="offset" jdbcType="INTEGER"/>
        <result column="TYPE" property="type" jdbcType="VARCHAR"/>
        <result column="STATUS" property="status" jdbcType="VARCHAR"/>
        <result column="HANDLE" property="handle" jdbcType="VARCHAR"/>
        <result column="REMARK" property="remark" jdbcType="VARCHAR"/>
        <result column="CREATE_TIME" property="createTime" jdbcType="DATE"/>
    </resultMap>

    <select id="queryReportTaskByPage"  resultMap="ResultMap" parameterType="com.icss.ebu.ami.commons.pagePlugin.Page">
        SELECT
            R.ID,R.NAME,R.CODE,R.START_TIME,R.END_TIME,R.OFFSET,R.TYPE,R.STATUS,R.HANDLE,R.REMARK,R.CREATE_TIME,
            MIN(TO_CHAR(R.tmpIds)) AS tmpIds,
            WM_CONCAT(DECODE(O.TREE_CODE,NULL,'',O.OBJ_ID||';'||O.TREE_NAME||';'||O.TREE_CODE||';'||O.TREE_ID)) AS objTreeMaps
        FROM (
            SELECT
                T.ID,T.NAME,T.CODE,T.START_TIME,T.END_TIME,T.OFFSET,T.TYPE,T.STATUS,T.HANDLE,T.REMARK,T.CREATE_TIME,
                WM_CONCAT(S.TMP_ID) AS tmpIds
            FROM
                REPORT_TASK T,REPORT_TASK_TEMP S
            WHERE
                T.ID = S.TASK_ID(+)
            GROUP BY
                T.ID,T.NAME,T.CODE,T.START_TIME,T.END_TIME,T.OFFSET,T.TYPE,T.STATUS,T.HANDLE,T.REMARK,T.CREATE_TIME
            ) R,REPORT_TASK_OBJECT O
        WHERE
            R.ID = O.TASK_ID(+)
        GROUP BY
            R.ID,R.NAME,R.CODE,R.START_TIME,R.END_TIME,R.OFFSET,R.TYPE,R.STATUS,R.HANDLE,R.REMARK,R.CREATE_TIME
        ORDER BY
            R.CREATE_TIME DESC
    </select>

    <select id="queryReportTaskById"  resultMap="ResultMap" parameterType="java.lang.String">
        SELECT * FROM REPORT_TASK WHERE ID = #{id}
    </select>

    <select id="queryAllReportTask"  resultMap="ResultMap" parameterType="java.lang.String">
        SELECT * FROM REPORT_TASK
        WHERE STATUS = #{status}
    </select>

    <insert id="addReportTask" parameterType="com.icss.ebu.ami.report.business.model.ReportTask">
        insert into REPORT_TASK
        <trim prefix="(" suffix=")" suffixOverrides=",">
            <if test="id != null">
                ID,
            </if>
            <if test="name != null">
                NAME,
            </if>
            <if test="startTime != null">
                START_TIME,
            </if>
            <if test="endTime != null">
                END_TIME,
            </if>
            <if test="code != null">
                CODE,
            </if>
            <if test="type != null">
                TYPE,
            </if>
            <if test="status != null">
                STATUS,
            </if>
            <if test="remark != null">
                REMARK,
            </if>
            <if test="offset != null">
                OFFSET,
            </if>
            <if test="handle != null">
                HANDLE,
            </if>
                CREATE_TIME
        </trim>
        <trim prefix="values (" suffix=")" suffixOverrides=",">
            <if test="id != null">
                #{id},
            </if>
            <if test="name != null">
                #{name},
            </if>
            <if test="startTime != null">
                #{startTime},
            </if>
            <if test="endTime != null">
                #{endTime},
            </if>
            <if test="code != null">
                #{code},
            </if>
            <if test="type != null">
                #{type},
            </if>
            <if test="status != null">
                #{status},
            </if>
            <if test="remark != null">
                #{remark},
            </if>
            <if test="offset != null">
                #{offset},
            </if>
            <if test="handle != null">
                #{handle},
            </if>
                sysdate
        </trim>
    </insert>

    <update id="editReportTask" parameterType="com.icss.ebu.ami.report.business.model.ReportTask">
        UPDATE REPORT_TASK
        <set>
        	<if test="name != null and name !=''">
                NAME = #{name},
            </if>
            <if test="startTime != null and startTime !=''">
                START_TIME = #{startTime},
            </if>
            <if test="endTime != null and endTime !=''">
                END_TIME = #{endTime},
            </if>
            <if test="type != null and type !=''">
                TYPE = #{type},
            </if>
            <if test="status != null and status !=''">
                STATUS = #{status},
            </if>
            <if test="remark != null and remark !=''">
                REMARK = #{remark},
            </if>
            <if test="offset != null and offset !=''">
                OFFSET = #{offset},
            </if>
            <if test="handle != null and handle !=''">
                HANDLE = #{handle}
            </if>
        </set>
        WHERE ID = #{id}
    </update>

    <delete id="delReportTaskById" parameterType="java.lang.String">
        DELETE FROM REPORT_TASK WHERE ID = #{id}
    </delete>

    <insert id="addTaskReports" parameterType="com.icss.ebu.ami.report.business.model.ReportTaskTemp">
        insert into REPORT_TASK_TEMP (
          ID,TASK_ID,TMP_ID
        ) VALUES (
          #{id},#{taskId},#{tmpId}
        )
    </insert>

    <delete id="delTaskReportsByTaskId" parameterType="java.lang.String">
        DELETE FROM REPORT_TASK_TEMP WHERE TASK_ID = #{taskId}
    </delete>

    <insert id="addTaskObjects" parameterType="com.icss.ebu.ami.report.business.model.ReportTaskObj">
        insert into REPORT_TASK_OBJECT (
        ID,TASK_ID,OBJ_ID,OBJ_NAME,TREE_ID,TREE_CODE,TREE_NAME
        ) VALUES (
        #{id},#{taskId},#{objId},#{objName},#{treeId},#{treeCode},#{treeName}
        )
    </insert>

    <delete id="delTaskObjectsByTaskId" parameterType="java.lang.String">
        DELETE FROM REPORT_TASK_OBJECT WHERE TASK_ID = #{taskId}
    </delete>

    <select id="queryTemplatesByTaskId"  resultType="com.icss.ebu.ami.report.business.model.Template" parameterType="java.lang.String">
        SELECT
            t.tmpid, t.tmpname, t.tmpfile, t.tmpkey,t.tmpdesc,t.reporttype,t.tmpfilename
        FROM
            REPORT_TASK_TEMP r,REPORT_TEMPLATE t
        WHERE
            t.TMPID = r.TMP_ID
            AND r.TASK_ID = #{id}
    </select>

    <select id="queryObjsByTaskId"  resultType="com.icss.ebu.ami.report.business.model.ReportTaskObj" parameterType="java.lang.String">
        SELECT
            TREE_ID AS treeId,
            TREE_CODE AS treeCode,
            TREE_NAME AS treeName
        FROM
            REPORT_TASK_OBJECT
        WHERE
            TASK_ID = #{id}
    </select>
</mapper>
