<?xml version="1.0" encoding="UTF-8" ?>
<!DOCTYPE mapper PUBLIC "-//mybatis.org//DTD Mapper 3.0//EN" "http://mybatis.org/dtd/mybatis-3-mapper.dtd" >
<mapper namespace="com.icss.ebu.ami.report.business.mapper.ReportDesignMapper">
	<resultMap id="ResultMap" type="com.icss.ebu.ami.report.business.model.ReportDesign">
        <id column="REPORTID" property="reportid" jdbcType="VARCHAR"/>
        <result column="QUEYID" property="queryid" jdbcType="VARCHAR"/>
        <result column="QUERYSERIAL" property="queryserial" jdbcType="VARCHAR"/>
        <result column="TOEXCEL" property="toexcel" jdbcType="VARCHAR"/>
        <result column="DEPTID" property="deptid" jdbcType="VARCHAR"/>
    </resultMap>
	
	<select id="queryTemplateListById" resultMap="ResultMap" parameterType="java.lang.String">
		select * from REPORT_REPORT_DESIGN where reportid = #{reportid}
	</select>
	
	<insert id="insert" parameterType="com.icss.ebu.ami.report.business.model.ReportDesign">
		insert into REPORT_REPORT_DESIGN (reportid,queryid,queryserial,toexcel,deptid) values(#{reportid,jdbcType=VARCHAR},#{queryid,jdbcType=VARCHAR},#{queryserial,jdbcType=VARCHAR},#{toexcel,jdbcType=VARCHAR},#{deptid,jdbcType=VARCHAR})
	</insert>
	
	<insert id="insertList" parameterType="java.util.List">
		BEGIN
	    <foreach collection="list" item="item" index="index" separator=";" > 
	    insert into REPORT_REPORT_DESIGN (reportid,queryid,queryserial,toexcel,deptid)
	    values (#{item.reportid,jdbcType=VARCHAR},#{item.queryid,jdbcType=VARCHAR},#{item.queryserial,jdbcType=VARCHAR},#{item.toexcel,jdbcType=VARCHAR},#{item.deptid,jdbcType=VARCHAR})
	      </foreach>  
	    ;END ;
	</insert>
	
	<delete id="delete" parameterType="java.lang.String">
		delete from REPORT_REPORT_DESIGN where reportid = #{reportid}
	</delete>
	
</mapper>