<?xml version="1.0" encoding="UTF-8" ?>
<!DOCTYPE mapper PUBLIC "-//mybatis.org//DTD Mapper 3.0//EN" "http://mybatis.org/dtd/mybatis-3-mapper.dtd" >
<mapper namespace="com.icss.ebu.ami.report.system.mapper.RoleMapper">
    <resultMap id="BaseResultMap" type="com.icss.ebu.ami.report.system.model.Role">
        <id column="id" property="id" jdbcType="BIGINT"/>
        <result column="name" property="name" jdbcType="VARCHAR"/>
        <result column="seq" property="seq" jdbcType="TINYINT"/>
        <result column="description" property="description" jdbcType="VARCHAR"/>
        <result column="status" property="status" jdbcType="TINYINT"/>
        <result column="resourceId" property="resourceId" jdbcType="VARCHAR"/>
    </resultMap>
    <sql id="Base_Column_List">
    id, name, seq, description, status
  </sql>

    <select id="findRolePageCondition" resultMap="BaseResultMap" parameterType="com.icss.ebu.ami.commons.util.PageInfo">
        select
        <include refid="Base_Column_List"/>
        from REPORT_ROLE
        where id != 1 and rownum BETWEEN #{from} AND #{size}
        order by ${sort} ${order}
    </select>
    
    <select id="findRoleByPage" resultMap="BaseResultMap" parameterType="com.icss.ebu.ami.commons.pagePlugin.Page">
       select r.id, r.name, r.seq, r.description, r.status  from REPORT_ROLE r 
       
        where r.id!=1
        <if test="params != null and params.id != null">
           id = #{params.id}
        </if>
        <if test=" params.name != null and params.name != '' ">
               and r.name LIKE concat(concat('%',#{params.name}),'%')  escape '/'
        </if>
        <if test=" params.status != null ">
        	and r.status=#{params.status}
        </if>
		<choose>
		    <when test="conditions == null">
		    	ORDER BY r.id
		    </when>
		    <otherwise>
		         order by  ${conditions.order}
		    </otherwise>
	</choose>
    </select>

    <select id="findRolePageCount" resultType="java.lang.Integer" parameterType="com.icss.ebu.ami.commons.util.PageInfo">
	    select 
	    count(*) count
	    from REPORT_ROLE 
	    WHERE id != 1 
	</select>

    <select id="findRoleAll" resultMap="BaseResultMap">
        select
        <include refid="Base_Column_List"/>
        from REPORT_ROLE 
         WHERE id != 1 order by name
    </select>

    <select id="findRoleById" resultMap="BaseResultMap" parameterType="java.lang.Long">
        select
        <include refid="Base_Column_List"/>
        from REPORT_ROLE
        where id = #{id,jdbcType=BIGINT}
    </select>

    <select id="findResourceIdListByRoleId" resultType="java.lang.Long" parameterType="java.lang.Long">
    SELECT
        e.resource_id AS id
    FROM
        REPORT_ROLE r
    LEFT JOIN REPORT_ROLE_RESOURCE e ON r.id = e.role_id
    WHERE
        r.id = #{id}
  </select>

    <select id="findResourceIdListByRoleIdAndType" resultType="com.icss.ebu.ami.report.system.model.Resource"
            parameterType="java.lang.Long">
    SELECT
        s.id AS id,
        s. NAME AS name,
        s.url AS url,
        s.description AS description,
        s.icon AS icon,
        s.pid AS pid,
        s.seq AS seq,
        s. STATUS AS status,
        s.resourcetype AS resourcetype,
        s.createdate AS createdate
    FROM
        REPORT_ROLE r
    LEFT JOIN REPORT_ROLE_RESOURCE e ON r.id = e.role_id
    LEFT JOIN REPORT_RESOURCE s ON e.resource_id = s.id
    WHERE
        r.id = #{id}
    AND s.resourcetype = 0
  </select>

    <select id="findRoleResourceIdListByRoleId" resultType="java.lang.Long" parameterType="java.lang.Long">
    SELECT
        e.id AS id
    FROM
        REPORT_ROLE r
    LEFT JOIN REPORT_ROLE_RESOURCE e ON r.id = e.role_id
    WHERE
        r.id = #{id}
  </select>

    <select id="findResourcesByRoleId" resultType="java.lang.String" parameterType="java.lang.Long">
         SELECT s.url AS url
           FROM REPORT_ROLE r, REPORT_ROLE_RESOURCE e, REPORT_RESOURCE s
          WHERE r.id = e.role_id
          	AND s.status = 0
            AND e.resource_id = s.id
            AND r.id = #{id}
            AND s.url IS NOT NULL
    </select>

  
  <select id="findRoleByUserId" resultMap="BaseResultMap" parameterType="java.lang.String">
      SELECT
      	  r.*
      FROM REPORT_ROLE r,REPORT_USER_ROLE ur
      WHERE r.id = ur.role_id 
      AND ur.user_id = #{id}
  </select>
    <select id="queryRolesByUserId" resultType="com.icss.ebu.ami.report.system.model.Role" parameterType="java.lang.String">
        SELECT
        r.id AS id,
        r.name AS name,
        r.status AS status
        FROM REPORT_ROLE r,REPORT_USER_ROLE ur
        WHERE r.id = ur.role_id
        AND ur.user_id = #{id}
    </select>
  <select id="countRole" parameterType="java.lang.Long">
      SELECT COUNT(1) FROM REPORT_ROLE WHERE id != 1
  </select>
  
    <select id="findRoleByName" resultMap="BaseResultMap" parameterType="java.lang.String">
        select
        <include refid="Base_Column_List"/>
        from REPORT_ROLE
        where name = #{roleName}
    </select>
    
    <select id="getRoleIsIndexString" resultType="java.lang.String" parameterType="java.lang.String">
        select to_char(wm_concat(r.isindex)) from REPORT_USER_ROLE a,REPORT_ROLE r
			where a.role_id=r.id
 			and a.user_id= #{userId}
    </select>
    
    
    <insert id="insert" parameterType="com.icss.ebu.ami.report.system.model.Role">
        insert into REPORT_ROLE (id,name, seq, description, status)
        values (#{id,jdbcType=BIGINT},#{name,jdbcType=VARCHAR}, #{seq,jdbcType=TINYINT}, #{description,jdbcType=VARCHAR},
        #{status,jdbcType=TINYINT})
    </insert>
    
    <update id="updateRole" parameterType="com.icss.ebu.ami.report.system.model.Role">
        update REPORT_ROLE
        <set>
            <if test="name != null">
                name = #{name,jdbcType=VARCHAR},
            </if>
            <if test="seq != null">
                seq = #{seq,jdbcType=TINYINT},
            </if>
            <if test="description != null">
                description = #{description,jdbcType=VARCHAR},
            </if>
            <if test="status != null">
                status = #{status,jdbcType=TINYINT},
            </if>
        </set>
        where id = #{id,jdbcType=BIGINT}
    </update>
    
    
    <delete id="deleteRoleById" parameterType="java.lang.Long">
    delete from REPORT_ROLE
    where id = #{id,jdbcType=BIGINT}
  </delete>
    
</mapper>