<?xml version="1.0" encoding="UTF-8" ?>
<!DOCTYPE mapper PUBLIC "-//mybatis.org//DTD Mapper 3.0//EN" "http://mybatis.org/dtd/mybatis-3-mapper.dtd" >
<mapper namespace="com.icss.ebu.ami.report.business.mapper.SysLogMapper">
	<resultMap id="BaseResultMap" type="com.icss.ebu.ami.report.system.model.SysLog">
		<id column="id" property="id" jdbcType="BIGINT" />
		<result column="user_id" property="userId" jdbcType="VARCHAR" />
		<result column="login_name" property="loginName" jdbcType="VARCHAR" />
		<result column="role_name" property="roleName" jdbcType="VARCHAR" />
		<result column="opt_content" property="optContent" jdbcType="VARCHAR" />
		<result column="client_ip" property="clientIp" jdbcType="VARCHAR" />
		<result column="create_time" property="createTime" jdbcType="TIMESTAMP" />
		<result column="params" property="params" jdbcType="VARCHAR" />
		<result column="log_type" property="logType" jdbcType="VARCHAR" />
		<result column="session_id" property="sessionId" jdbcType="VARCHAR" />
		<result column="opt_detail" property="optDetail" jdbcType="VARCHAR" />
	</resultMap>
	<resultMap id="SysLogBeanMap"
		type="com.icss.ebu.ami.report.system.model.SysLogBean" extends="BaseResultMap">
	</resultMap>
	<sql id="Base_Column_List">
		id,user_id, login_name, role_name, opt_content, client_ip,
		create_time,params,log_type,session_id,opt_detail
	</sql>

	<select id="selectByPrimaryKey" resultMap="BaseResultMap"
		parameterType="java.lang.Long">
		select
		<include refid="Base_Column_List" />
		from REPORT_SYS_SYSLOG
		where id = #{id,jdbcType=BIGINT}
	</select>

	<select id="findDataGrid" resultMap="BaseResultMap"
		parameterType="com.icss.ebu.ami.commons.util.PageInfo">
		select
		<include refid="Base_Column_List" />
		from REPORT_SYS_SYSLOG ORDER BY create_time DESC
		<!--LIMIT #{from}, #{ size} -->
	</select>

	<select id="findDataGridCount" resultType="java.lang.Integer"
		parameterType="com.icss.ebu.ami.commons.util.PageInfo">
		select count(*) count
		from REPORT_SYS_SYSLOG
	</select>

	<select id="findSysLogByPage" resultMap="SysLogBeanMap"
		parameterType="com.icss.ebu.ami.commons.pagePlugin.Page">
		select
		<include refid="Base_Column_List" />
		from REPORT_SYS_SYSLOG
		where 1=1
		<if test="params.logType!= null and params.logType != ''">
			and
			LOG_TYPE =#{params.logType,jdbcType=VARCHAR}
		</if>
		<if test="params.optContent!= null and params.optContent != ''">
			and
			OPT_CONTENT LIKE '%'||#{params.optContent}||'%'
		</if>
		<if test="params.sessionId!= null and params.sessionId != ''">
			and
			SESSION_ID = #{params.sessionId}
		</if>
		<if test="params.loginName!= null and params.loginName != ''">
			and
			LOGIN_NAME =#{params.loginName,jdbcType=VARCHAR}
		</if>
		<if test="params.roleName!= null and params.roleName != ''">
			and
			ROLE_NAME =#{params.roleName,jdbcType=VARCHAR}
		</if>
		<if test="params.startTime!= null and params.startTime != ''">
			and
		<![CDATA[ CREATE_TIME >= to_date(#{params.startTime,jdbcType=VARCHAR},'yyyy-MM-dd hh24:mi:ss')  ]]>
		</if>
		<if test="params.endTime!= null and params.endTime != ''">
			and
		<![CDATA[ CREATE_TIME <= to_date(#{params.endTime,jdbcType=VARCHAR},'yyyy-MM-dd hh24:mi:ss')  ]]>
		</if>
		<choose>
		    <when test="conditions == null">
		    	order by CREATE_TIME desc     
		    </when>
		    <otherwise>
		         order by  ${conditions.order}
		    </otherwise>
		</choose>
	</select>

	<delete id="deleteByPrimaryKey" parameterType="java.lang.Long">
		delete from
		REPORT_SYS_SYSLOG
		where id = #{id,jdbcType=BIGINT}
	</delete>
	<delete id="deleteByHisLogByKey" parameterType="java.lang.Long">
		delete from REPORT_SYS_SYSLOG
		where <![CDATA[ id < #{id,jdbcType=BIGINT}  ]]>
	</delete>
	<insert id="insert" parameterType="com.icss.ebu.ami.report.system.model.SysLog">
		insert into REPORT_SYS_SYSLOG
		(id,user_id,login_name, role_name,
		opt_content,
		client_ip,
		create_time,params,log_type,opt_detail,session_id)
		values
		(#{id},#{userId,jdbcType=VARCHAR},#{loginName,jdbcType=VARCHAR},
		#{roleName,jdbcType=VARCHAR}, #{optContent,jdbcType=VARCHAR},
		#{clientIp,jdbcType=VARCHAR}, #{createTime,jdbcType=TIMESTAMP},
		#{params,jdbcType=VARCHAR},
		#{logType,jdbcType=VARCHAR},
		#{optDetail,jdbcType=VARCHAR}, #{sessionId,jdbcType=VARCHAR})
	</insert>
	<insert id="insertList" parameterType="java.util.List">
		<foreach collection="list" item="item" index="index" open="begin" close=";end;" separator=";">
			insert into REPORT_SYS_SYSLOG
				(id,user_id,login_name, role_name,
				opt_content,
				client_ip,
				create_time,params,log_type,opt_detail,session_id)
				values
				(#{item.id},#{item.userId,jdbcType=VARCHAR},#{item.loginName,jdbcType=VARCHAR},
				#{item.roleName,jdbcType=VARCHAR}, #{item.optContent,jdbcType=VARCHAR},
				#{item.clientIp,jdbcType=VARCHAR}, #{item.createTime,jdbcType=TIMESTAMP},
				#{item.params,jdbcType=VARCHAR},
				#{item.logType,jdbcType=VARCHAR},
				#{item.optDetail,jdbcType=VARCHAR}, #{item.sessionId,jdbcType=VARCHAR})
		</foreach>
	</insert>
	<insert id="insertSelective" parameterType="com.icss.ebu.ami.report.system.model.SysLog">
		<selectKey resultType="java.lang.Long" keyProperty="id"
			order="AFTER">
			SELECT LAST_INSERT_ID()
		</selectKey>
		insert into REPORT_SYS_SYSLOG
		<trim prefix="(" suffix=")" suffixOverrides=",">
			<if test="loginName != null">
				login_name,
			</if>
			<if test="roleName != null">
				role_name,
			</if>
			<if test="optContent != null">
				opt_content,
			</if>
			<if test="clientIp != null">
				client_ip,
			</if>
			<if test="createTime != null">
				create_time,
			</if>
		</trim>
		<trim prefix="values (" suffix=")" suffixOverrides=",">
			<if test="loginName != null">
				#{loginName,jdbcType=VARCHAR},
			</if>
			<if test="roleName != null">
				#{roleName,jdbcType=VARCHAR},
			</if>
			<if test="optContent != null">
				#{optContent,jdbcType=VARCHAR},
			</if>
			<if test="clientIp != null">
				#{clientIp,jdbcType=VARCHAR},
			</if>
			<if test="createTime != null">
				#{createTime,jdbcType=TIMESTAMP},
			</if>
		</trim>
	</insert>
	<update id="updateByPrimaryKeySelective" parameterType="com.icss.ebu.ami.report.system.model.SysLog">
		update REPORT_SYS_SYSLOG
		<set>
			<if test="loginName != null">
				login_name = #{loginName,jdbcType=VARCHAR},
			</if>
			<if test="roleName != null">
				role_name = #{roleName,jdbcType=VARCHAR},
			</if>
			<if test="optContent != null">
				opt_content = #{optContent,jdbcType=VARCHAR},
			</if>
			<if test="clientIp != null">
				client_ip = #{clientIp,jdbcType=VARCHAR},
			</if>
			<if test="createTime != null">
				create_time = #{createTime,jdbcType=TIMESTAMP},
			</if>
		</set>
		where id = #{id,jdbcType=BIGINT}
	</update>
	<update id="updateByPrimaryKey" parameterType="com.icss.ebu.ami.report.system.model.SysLog">
		update
		REPORT_SYS_SYSLOG
		set login_name = #{loginName,jdbcType=VARCHAR},
		role_name =
		#{roleName,jdbcType=VARCHAR},
		opt_content =
		#{optContent,jdbcType=VARCHAR},
		client_ip =
		#{clientIp,jdbcType=VARCHAR},
		create_time =
		#{createTime,jdbcType=TIMESTAMP}
		where id = #{id,jdbcType=BIGINT}
	</update>
</mapper>