<?xml version="1.0" encoding="UTF-8" ?>
<!DOCTYPE mapper PUBLIC "-//mybatis.org//DTD Mapper 3.0//EN" "http://mybatis.org/dtd/mybatis-3-mapper.dtd" >
<mapper namespace="com.icss.ebu.ami.report.business.mapper.SystemParameterMapper">
    <resultMap id="ResultMap" type="com.icss.ebu.ami.report.system.model.SystemParameter">
        <id column="ID" property="id" jdbcType="VARCHAR"/>
        <result column="NAME" property="name" jdbcType="VARCHAR"/>
        <result column="VALUE" property="value" jdbcType="VARCHAR"/>
        <result column="REMARK" property="remark" jdbcType="VARCHAR"/>
        <result column="IS_PASSWORD" property="isPassword" jdbcType="INTEGER"/>
    </resultMap>

    <select id="querySystemParameterByPage"  resultMap="ResultMap" parameterType="com.icss.ebu.ami.commons.pagePlugin.Page">
        SELECT * FROM REPORT_SYS_PARAMETER
    </select>

    <select id="querySystemParameterById"  resultMap="ResultMap" parameterType="java.lang.String">
        SELECT
            *
        FROM
            REPORT_SYS_PARAMETER
        WHERE
            ID = #{id}
    </select>

    <update id="editSystemParameter" parameterType="com.icss.ebu.ami.report.system.model.SystemParameter">
        UPDATE REPORT_SYS_PARAMETER
        <set>
            <if test="value != null">
                VALUE = #{value},
            </if>
            <if test="remark != null">
                REMARK = #{remark},
            </if>
        </set>
        WHERE ID = #{id}
    </update>

    <select id="querySystemParameterAll"  resultMap="ResultMap" parameterType="com.icss.ebu.ami.report.system.model.SystemParameter">
        SELECT * FROM REPORT_SYS_PARAMETER
    </select>
</mapper>
