<?xml version="1.0" encoding="UTF-8" ?>
<!DOCTYPE mapper PUBLIC "-//mybatis.org//DTD Mapper 3.0//EN" "http://mybatis.org/dtd/mybatis-3-mapper.dtd" >
<mapper namespace="com.icss.ebu.ami.report.system.mapper.TaskParamMapper">
	<resultMap id="BaseResultMap" type="com.icss.ebu.ami.report.system.core.task.TaskParam">
		<id column="PARA_ID" property="paramId" jdbcType="BIGINT" />
		<result column="TASK_ID" property="taskId" jdbcType="BIGINT" />
		<result column="NAME" property="name" jdbcType="VARCHAR" />
		<result column="TYPE_CODE" property="type" jdbcType="VARCHAR" />
		<result column="PARA_DESC" property="desc" jdbcType="VARCHAR" />
		<result column="CONTENT" property="content" jdbcType="VARCHAR" />
	</resultMap>
	<sql id="Base_Column_List">
		PARA_ID,TASK_ID, NAME, TYPE_CODE, PARA_DESC, CONTENT 
	</sql>

	<select id="getTaskParamsByTaskId" resultMap="BaseResultMap" parameterType="java.lang.Long">
		select 
		<include refid="Base_Column_List" />
		 from P_TASK_PARA where TASK_ID=#{taskId} order by PARA_ID
	</select>

</mapper>