<?xml version="1.0" encoding="UTF-8" ?>
<!DOCTYPE mapper PUBLIC "-//mybatis.org//DTD Mapper 3.0//EN" "http://mybatis.org/dtd/mybatis-3-mapper.dtd" >
<mapper namespace="com.icss.ebu.ami.report.system.mapper.TaskMapper">
	<resultMap id="BaseResultMap" type="com.icss.ebu.ami.report.system.core.task.Task">
		<id column="TASK_ID" property="taskId" jdbcType="BIGINT" />
		<result column="NAME" property="name" jdbcType="VARCHAR" />
		<result column="ALIAS" property="alias" jdbcType="VARCHAR" />
		<result column="REPEAT_MODE" property="repeatMode" jdbcType="VARCHAR" />
		<result column="REPEAT_INTERVAL" property="repeatInterval" jdbcType="TIMESTAMP" />
		<result column="RUN_TIME" property="runTime" jdbcType="TIMESTAMP" />
		<result column="VALID_TIME" property="validTime" jdbcType="TIMESTAMP" />
		<result column="INVALID_TIME" property="invalidTime" jdbcType="TIMESTAMP" />
		<result column="PRIO" property="prio" jdbcType="BIGINT" />
		<result column="STATUS" property="status" jdbcType="BIGINT" />
		<result column="CONTENT" property="content" jdbcType="VARCHAR" />
		<result column="CRON_EXPRE" property="cronExpre" jdbcType="VARCHAR" />
		<result column="HANDLE" property="handler" jdbcType="VARCHAR" />
		<result column="REPEAT_TIMES" property="repeatTimes" jdbcType="BIGINT" />
		<result column="FAIL_NOTICE_MODE" property="failNoticeMode" jdbcType="VARCHAR" />
		<result column="FAIL_RECEIVER_NO" property="failReceiverNo" jdbcType="VARCHAR" />
		<result column="NOTIFY_MODE" property="notifyMode" jdbcType="VARCHAR" />
		<result column="NOTIFY_EMP_NO" property="notifyEmpNo" jdbcType="VARCHAR" />
		<result column="SET_EMP_NO" property="setEmpNo" jdbcType="VARCHAR" />
		<result column="SET_TIME" property="setTime" jdbcType="TIMESTAMP" />
		<result column="IS_VALID" property="isValid" jdbcType="BIGINT" />
		<result column="TASK_TYPE" property="taskType" jdbcType="VARCHAR" />
		<result column="TASK_CODE" property="taskCode" jdbcType="VARCHAR" />
	</resultMap>
	
	<!--<resultMap id="messageTemplateResult" type="com.icss.ebu.ami.task.common.bean.MessageTemplate">-->
        <!--<id column="TEMPLATE_KEY" property="templateKey" jdbcType="VARCHAR"/>-->
        <!--<result column="TEMPLATE_NAME" property="templateName" jdbcType="VARCHAR"/>-->
        <!--<result column="MESSAGE_TITLE" property="messageTitle" jdbcType="VARCHAR"/>-->
        <!--<result column="TEMPLATE_CONTENT" property="templateContent" jdbcType="VARCHAR"/>-->
        <!--<result column="SEND_USER" property="sendUser" jdbcType="VARCHAR"/>-->
        <!--<result column="MESSAGE_TYPE" property="messageType" jdbcType="VARCHAR"/>-->
        <!--<result column="UPDATE_TIME" property="updateTime" jdbcType="TIMESTAMP"/>-->
    <!--</resultMap>-->
	<sql id="Base_Column_List">
		TASK_ID, NAME, ALIAS,REPEAT_MODE, REPEAT_INTERVAL,CRON_EXPRE, PRIO, 
		STATUS, CONTENT,HANDLE, RUN_TIME,VALID_TIME,INVALID_TIME,REPEAT_TIMES,
		FAIL_NOTICE_MODE,FAIL_RECEIVER_NO,NOTIFY_MODE,NOTIFY_EMP_NO,
		SET_EMP_NO,SET_TIME,IS_VALID,TASK_TYPE,TASK_CODE
	</sql>

	<select id="getAllTask" resultMap="BaseResultMap" parameterType="com.icss.ebu.ami.report.system.core.task.Task">
		select 
		<include refid="Base_Column_List" />
		from P_TASK where is_Valid=1 
		<if test=" taskType != null and taskType != '' ">
			AND TASK_TYPE = #{taskType}
		</if>
		order by SET_TIME desc
	</select>

	<update id="updateTaskStatus" parameterType="com.icss.ebu.ami.report.system.core.task.Task">
		update P_TASK set STATUS=#{status} where task_id=#{taskId}
	</update>
	
	<select id="getTaskById" parameterType="java.lang.Long" resultMap="BaseResultMap">
		select 
		<include refid="Base_Column_List" />
		from P_TASK where is_Valid=1 AND task_id=#{taskId}
	</select>
	
	
	
	<select id="getAllTimeTask" resultType="com.icss.ebu.ami.report.system.core.task.TaskInfo">
		SELECT T.COLL_TASK_ID AS "taskId",T.TYPE_CODE AS "taskCode", 
		    T.NAME AS "name",T.COLL_CYCLE AS "collCycle",
		    T.TIME_CYC AS "timeCyc",
		    T.TIMEOUT_MIN AS "timeOut",
		    T.BGN_TIME AS "runTime",
		    T.END_TIME AS "endTime",
		    T.P_TASKCODE AS "pid",
		    T.FAIL_PHONE AS "failPhone",
		    T.FAIL_EMAILL AS "failEmail"
		    FROM R_COLL_TASK T
		    WHERE T.TASK_STATUS = '02'
		    UNION ALL
		    SELECT T1.TASK_ID  AS "taskId",T1.TASK_CODE AS "taskCode",
		    T1.NAME  AS "name",T1.REPEAT_INTERVAL AS "collCycle",
		    '1' AS "timeCyc",
		    T1.TIMEOUT_MIN AS "timeOut",
		    T1.VALID_TIME AS  "runTime",
		    T1.INVALID_TIME AS "endTime",
		    T1.P_TASKCODE AS "pid",
		    T1.FAIL_PHONE AS "failPhone",
		    T1.FAIL_EMAILL AS "failEmail"
		      FROM P_TASK T1 
		    WHERE T1.TASK_ID != 2 and T1.TASK_ID != 5 and T1.status = '1'
	</select>
	
	<select id="getScheduleTaskLog" resultType="com.icss.ebu.ami.report.system.core.task.TaskInfo" parameterType="com.icss.ebu.ami.report.system.core.task.TaskInfo">
	select task.*
	    from (select 
	                 t.task_name      as "name",
	                 t.schedule_time as "runTime"
	            from P_SUB_TASK_SCH_LOG t
	           where 
	           1=1 
	          and t.task_name = #{name}
	          and t.task_code = #{taskCode}
              and #{beginTime,jdbcType=TIMESTAMP} &lt;= t.schedule_time
	           order by t.schedule_time desc) task
	   where rownum &lt;= 1
 	</select>
 	
 	<select id="countScheduleTaskLog" resultType="java.lang.Integer">
		select 
	                count(1)
	            from P_SUB_TASK_SCH_LOG where TASK_CODE != '0101'

 	</select>
 
	 <select id="getScheduleTaskRunLog" resultType="com.icss.ebu.ami.report.system.core.task.TaskInfo" parameterType="com.icss.ebu.ami.report.system.core.task.TaskInfo">
		select task.*
      from (select 
                   t.task_code      as "taskCode",
                   t.task_name      as "name",
                   t.start_time     as "startTime",
                   t.end_time       as "endTime",
                   t.status         as "status"
              from P_SUB_TASK_RUN_LOG t
             where t.task_code = #{taskCode}
             and #{beginTime,jdbcType=TIMESTAMP} &lt;= t.start_time 
             order by t.start_time desc) task
	   where rownum &lt;= 1
	 </select>
	 
	 
	 <insert id="insertMessageInfos" parameterType="java.util.List">
		<foreach collection="list" item="item" index="index" open="begin" close=";end;" separator=";">
			insert into M_MESSAGE_INFO (
				ID, TEMPLATE_KEY, INVOKER, DEST_ADDRS, MESSAGE_TITLE,
				MESSAGE_CONTENT, MESSAGE_TYPE, SEND_STATUS,CREATE_TIME,SEND_TIME
				) values ( #{item.id,jdbcType=VARCHAR},
				#{item.templateKey,jdbcType=VARCHAR},
				#{item.invoker,jdbcType=VARCHAR},
				#{item.destAddrs,jdbcType=VARCHAR},
				#{item.messageTitle,jdbcType=VARCHAR},
				#{item.messageContent,jdbcType=VARCHAR},
				#{item.messageType,jdbcType=VARCHAR},
				#{item.sendStatus,jdbcType=VARCHAR},
				#{item.createTime,jdbcType=TIMESTAMP},
				#{item.sendTime,jdbcType=TIMESTAMP})
		</foreach>
	</insert>
	
	<select id="getTaskInfo" resultType="com.icss.ebu.ami.report.system.core.task.TaskInfo" parameterType="java.lang.String">
		SELECT T.COLL_TASK_ID AS "taskId",T.TYPE_CODE AS "taskCode", 
		    T.NAME AS "name",T.COLL_CYCLE AS "collCycle",
		    T.TIME_CYC AS "timeCyc",
		    T.TIMEOUT_MIN AS "timeOut",
		    T.BGN_TIME AS "runTime",
		    T.P_TASKCODE AS "pid",
		    T.FAIL_PHONE AS "failPhone",
		    T.FAIL_EMAILL AS "failEmail"
		    FROM R_COLL_TASK T
		    WHERE T.TASK_STATUS = '02'
		    AND T.TYPE_CODE = #{taskCode}
		    UNION ALL
		    SELECT T1.TASK_ID  AS "taskId",T1.TASK_CODE AS "taskCode",
		    T1.NAME  AS "name",T1.REPEAT_INTERVAL AS "collCycle",
		    '1' AS "timeCyc",
		    T1.TIMEOUT_MIN AS "timeOut",
		    T1.RUN_TIME AS  "runTime",
		    T1.P_TASKCODE AS "pid",
		    T1.FAIL_PHONE AS "failPhone",
		    T1.FAIL_EMAILL AS "failEmail"
		      FROM P_TASK T1 
		    WHERE  T1.status = '1'
		    AND T1.TASK_CODE = #{taskCode}
	</select>
	
	<!--<select id="messageTemplateInfo"  resultMap="messageTemplateResult" parameterType="java.lang.String">-->
		<!--SELECT TEMPLATE_KEY,-->
		       <!--TEMPLATE_NAME,-->
		       <!--MESSAGE_TITLE,-->
		       <!--TEMPLATE_CONTENT,-->
		       <!--SEND_USER,-->
		       <!--MESSAGE_TYPE,-->
		       <!--UPDATE_TIME-->
			<!--FROM M_MESSAGE_TEMPLATE -->
			<!--where TEMPLATE_KEY = #{templateKey}-->
    <!--</select>-->
</mapper>