<?xml version="1.0" encoding="UTF-8" ?>
<!DOCTYPE mapper PUBLIC "-//mybatis.org//DTD Mapper 3.0//EN" "http://mybatis.org/dtd/mybatis-3-mapper.dtd" >
<mapper namespace="com.icss.ebu.ami.report.system.mapper.TaskScheduleLogMapper">
	<resultMap id="BaseResultMap" type="com.icss.ebu.ami.report.system.core.task.TaskScheduleLog">
		<id column="TASK_LOG_ID" property="taskLogId" jdbcType="BIGINT" />
		<result column="TASK_ID" property="taskId" jdbcType="BIGINT" />
		<result column="RUN_RSLT" property="runResult" jdbcType="VARCHAR" />
		<result column="RUN_DESC" property="runDesc" jdbcType="VARCHAR" />
		<result column="START_RUN_TIME" property="startRunTime"
			jdbcType="TIMESTAMP" />
		<result column="END_RUN_TIME" property="endRunTime" jdbcType="TIMESTAMP" />
		<result column="TASK_NAME" property="taskName" jdbcType="VARCHAR" />
		<result column="TASK_TYPE" property="taskType" jdbcType="VARCHAR" />
		<result column="TASK_DESC" property="taskDesc" jdbcType="VARCHAR" />
		<result column="CONS_TIME" property="consTime" jdbcType="BIGINT" />
		<result column="HANDLE" property="handle" jdbcType="VARCHAR" />
	</resultMap>
	<sql id="Base_Column_List">
		TASK_LOG_ID,TASK_ID, TASK_NAME, RUN_RSLT,
		RUN_DESC,TASK_TYPE,TASK_DESC,
		START_RUN_TIME,
		END_RUN_TIME,CONS_TIME,HANDLE
	</sql>

	<insert id="add" parameterType="com.icss.ebu.ami.report.system.core.task.TaskScheduleLog">
		insert into P_TASK_SCHEDULE_LOG(ID,TASK_ID
		<if test="taskName!=null">,TASK_NAME</if>
		<if test="runResult!=null">,RUN_RSLT</if>
		<if test="startRunTime!=null">,START_RUN_TIME</if>
		<if test="endRunTime!=null">, END_RUN_TIME</if>
		<if test="runDesc!=null">, RUN_DESC</if>
		<if test="taskType!=null">, TASK_TYPE</if>
		<if test="taskDesc!=null">, TASK_DESC</if>
		<if test="consTime!=null">, CONS_TIME</if>
		<if test="handle!=null">, HANDLE</if>
		)
		values(#{id},#{taskId}
		<if test="taskName!=null">,#{taskName}</if>
		<if test="runResult!=null">,#{runResult}</if>
		<if test="startRunTime!=null">,#{startRunTime}</if>
		<if test="endRunTime!=null">,#{endRunTime}</if>
		<if test="runDesc!=null">,#{runDesc}</if>
		<if test="taskType!=null">,#{taskType}</if>
		<if test="taskDesc!=null">,#{taskDesc}</if>
		<if test="consTime!=null">, #{consTime}</if>
		<if test="handle!=null">, #{handle}</if>
		)
	</insert>
	<!--<insert id="addSubTaskSchLog" parameterType="com.icss.ebu.ami.task.bean.SubTaskSchLog">-->
		<!--insert into P_SUB_TASK_SCH_LOG (ID,TASK_TYPE,MODULE_NAME,TASK_CODE,TASK_NAME,SCHEDULE_TIME,STATUS)-->
		<!--values(#{id},#{taskType},#{moduleName},#{taskCode},#{taskName},#{scheduleTime},#{status})-->
	<!--</insert>-->

</mapper>