<?xml version="1.0" encoding="UTF-8" ?>
<!DOCTYPE mapper PUBLIC "-//mybatis.org//DTD Mapper 3.0//EN" "http://mybatis.org/dtd/mybatis-3-mapper.dtd" >
<mapper namespace="com.icss.ebu.ami.report.system.mapper.TaskLogMapper">
	<resultMap id="BaseResultMap" type="com.icss.ebu.ami.report.system.core.task.TaskLog">
		<id column="TASK_LOG_ID" property="taskLogId" jdbcType="BIGINT" />
		<result column="TASK_ID" property="taskId" jdbcType="BIGINT" />
		<result column="RUN_RSLT" property="runResult" jdbcType="VARCHAR" />
		<result column="RUN_DESC" property="runDesc" jdbcType="VARCHAR" />
		<result column="ACCTUAL_RUN_TIME" property="acctualRunTime"
			jdbcType="DATE" />
		<result column="START_RUN_TIME" property="startRunTime"
			jdbcType="DATE" />
		<result column="END_RUN_TIME" property="endRunTime" jdbcType="DATE" />
		<result column="TASK_NAME" property="taskName" jdbcType="VARCHAR" />
		<result column="TASK_NAME_ALIAS" property="taskNameAlias"
			jdbcType="VARCHAR" />
		<result column="CONS_TIME" property="consTime" jdbcType="BIGINT" />
	</resultMap>
	<sql id="Base_Column_List">
		TASK_LOG_ID,TASK_ID, TASK_NAME, TASK_NAME_ALIAS,RUN_RSLT,
		RUN_DESC,ACCTUAL_RUN_TIME,
		START_RUN_TIME, END_RUN_TIME,CONS_TIME
	</sql>

	<insert id="add" parameterType="com.icss.ebu.ami.report.system.core.task.TaskLog">
		insert into P_TASK_LOG(TASK_LOG_ID
		<if test="taskId!=null">,TASK_ID</if>
		<if test="taskName!=null">,TASK_NAME</if>
		<if test="taskNameAlias!=null">, TASK_NAME_ALIAS</if>
		<if test="runResult!=null">,RUN_RSLT</if>
		<if test="acctualRunTime!=null">, ACCTUAL_RUN_TIME</if>
		<if test="startRunTime!=null">,START_RUN_TIME</if>
		<if test="endRunTime!=null">, END_RUN_TIME</if>
		<if test="runDesc!=null">, RUN_DESC</if>
		<if test="consTime!=null">, CONS_TIME</if>
		)
		values(#{taskLogId}
		<if test="taskId!=null">,#{taskId}</if>
		<if test="taskName!=null">,#{taskName}</if>
		<if test="taskNameAlias!=null">,#{taskNameAlias}</if>
		<if test="runResult!=null">,#{runResult}</if>
		<if test="acctualRunTime!=null">,#{acctualRunTime}</if>
		<if test="startRunTime!=null">,#{startRunTime}</if>
		<if test="endRunTime!=null">,#{endRunTime}</if>
		<if test="runDesc!=null">,#{runDesc}</if>
		<if test="consTime!=null">,#{consTime}</if>
		)
	</insert>

</mapper>