<?xml version="1.0" encoding="UTF-8" ?>
<!DOCTYPE mapper PUBLIC "-//mybatis.org//DTD Mapper 3.0//EN" "http://mybatis.org/dtd/mybatis-3-mapper.dtd" >
<mapper namespace="com.icss.ebu.ami.report.business.mapper.TemplateManagementMapper">
	
	<select id="queryTemplateListByPage" parameterType="com.icss.ebu.ami.commons.pagePlugin.Page"  resultType="com.icss.ebu.ami.report.business.model.Template">
		select distinct tmpid, tmpname, tmpfile, tmpkey, tmpdesc, reporttype, tmpfilename
		  from report_template t,report_user_template u
		  where t.tmpid=u.report_id(+)
		  <if test="params.userId != null and params.userId != ''"  >
		  and u.user_id=#{params.userId}
		  </if>
		 order by tmpid desc
	</select>
	
	<select id="findAll" resultType="com.icss.ebu.ami.report.business.model.Template">
		select tmpid, tmpname, tmpfile, tmpkey,tmpdesc,reporttype,tmpfilename from report_template order by tmpid desc
	</select>
	
	<select id="queryTemplateList" resultType="com.icss.ebu.ami.report.business.model.Template">
		select tmpid, tmpname, tmpfile, tmpkey,tmpdesc,reporttype,tmpfilename from report_template order by tmpid desc
	</select>
	
	<select id="selectFileIdByTmpid" resultType="java.lang.String" parameterType="java.lang.String">
		select REPORTID from REPORT_REPORT_FILE where TEMPID = #{tmpid}
	</select>
	
	<select id="selectTaskIdByTmpid" resultType="java.lang.String" parameterType="java.lang.String">
		select ID from REPORT_TASK_TEMP where TMP_ID = #{tmpid}
	</select>
	
	<select id="selectTemplateById" parameterType="java.lang.String" resultType="com.icss.ebu.ami.report.business.model.Template">
		select tmpid, tmpname, tmpfile, tmpkey,tmpdesc,reporttype,tmpfilename from report_template where tmpid = #{tmpid}
	</select>
	<select id="selectTemplateByName" parameterType="java.lang.String" resultType="com.icss.ebu.ami.report.business.model.Template">
		select tmpid, tmpname, tmpfile, tmpkey,tmpdesc,reporttype,tmpfilename from report_template where tmpname = #{tmpname}
	</select>
	
	<select id="selectTemplateByKey" parameterType="java.lang.String" resultType="com.icss.ebu.ami.report.business.model.Template">
		select tmpid, tmpname, tmpfile, tmpkey,tmpdesc,reporttype,tmpfilename from report_template where tmpkey = #{tmpkey}
	</select>
	
	<select id="selectTemplateByFile" parameterType="java.lang.String" resultType="com.icss.ebu.ami.report.business.model.Template">
		select tmpid, tmpname, tmpfile, tmpkey,tmpdesc,reporttype,tmpfilename from report_template where tmpfile = #{tmpfile}
	</select>
	
	
	<insert id="insert" parameterType="com.icss.ebu.ami.report.business.model.Template">
		insert into report_template (tmpid, tmpname, tmpfile,tmpkey,tmpdesc,reporttype,tmpfilename)
        values (#{tmpid,jdbcType=VARCHAR}, #{tmpname,jdbcType=VARCHAR}, #{tmpfile,jdbcType=VARCHAR}, #{tmpkey,jdbcType=VARCHAR}, #{tmpdesc,jdbcType=VARCHAR}, #{reporttype,jdbcType=VARCHAR},#{tmpfilename,jdbcType=VARCHAR})
	</insert>
	
	<delete id="delete" parameterType="java.lang.String">
		delete from report_template where tmpid = #{tmpid}
	</delete>
	<update id="update" parameterType="com.icss.ebu.ami.report.business.model.Template">
		update report_template 
		<set>
			<if test="tmpname!=null">
				tmpname = #{tmpname,jdbcType=VARCHAR},
			</if>
			<if test="tmpfile!=null">
				tmpfile = #{tmpfile,jdbcType=VARCHAR},
			</if>
			<if test="tmpfilename!=null">
				tmpfilename = #{tmpfilename,jdbcType=VARCHAR},
			</if>
			<if test="tmpkey!=null">
				tmpkey = #{tmpkey,jdbcType=VARCHAR},
			</if>
			<if test="tmpdesc!=null">
				tmpdesc = #{tmpdesc,jdbcType=VARCHAR},
			</if>
			<if test="reporttype!=null">
				REPORTTYPE = #{reporttype,jdbcType=VARCHAR},
			</if>
		</set> 
		where tmpid = #{tmpid,jdbcType=VARCHAR}
	</update>
	
	<select id="queryTempDesignListByPage" parameterType="com.icss.ebu.ami.commons.pagePlugin.Page"  resultType="com.icss.ebu.ami.report.business.model.Template">
		select distinct t.tmpid,
		                t.tmpname,
		                t.tmpfile,
		                t.tmpkey,
		                t.tmpdesc,
		                t.reporttype,
		                t.tmpfilename
		  from report_template t, REPORT_REPORT_DESIGN d,REPORT_USER_TEMPLATE U
		 where t.tmpid = d.reportid
		 AND t.tmpid=u.report_id(+)
		 <if test="params.userId != null and params.userId != ''"  >
		  and u.user_id=#{params.userId}
		 </if>
		 order by tmpid desc
	</select>

    <select id="queryListByVo" parameterType="com.icss.ebu.ami.report.business.model.Template" resultType="com.icss.ebu.ami.report.business.model.Template">
        select tmpid, tmpname, tmpfile, tmpkey,tmpdesc,reporttype,tmpfilename from report_template where reporttype = #{reporttype}
    </select>
</mapper>