<?xml version="1.0" encoding="UTF-8" ?>
<!DOCTYPE mapper PUBLIC "-//mybatis.org//DTD Mapper 3.0//EN" "http://mybatis.org/dtd/mybatis-3-mapper.dtd" >
<mapper namespace="com.icss.ebu.ami.report.business.mapper.UserMapper">
    <resultMap id="BaseResultMap" type="com.icss.ebu.ami.report.system.model.User">
        <id column="id" property="id" jdbcType="VARCHAR"/>
        <result column="loginname" property="loginname" jdbcType="VARCHAR"/>
        <result column="name" property="name" jdbcType="VARCHAR"/>
        <result column="password" property="password" jdbcType="VARCHAR"/>
        <result column="sex" property="sex" jdbcType="TINYINT"/>
        <result column="age" property="age" jdbcType="TINYINT"/>
        <result column="usertype" property="usertype" jdbcType="TINYINT"/>
        <result column="status" property="status" jdbcType="TINYINT"/>
        <result column="organization_id" property="organizationId" jdbcType="VARCHAR"/>
        <result column="p_organization_id" property="pOrganizationId" jdbcType="VARCHAR"/>
        <result column="createdate" property="createdate" jdbcType="TIMESTAMP"/>
        <result column="phone" property="phone" jdbcType="VARCHAR"/>
        <result column="pwd_first_update" property="pwdFirstUpdate" jdbcType="VARCHAR"/>
        <result column="pwd_update_time" property="pwdUpdateTime" jdbcType="TIMESTAMP"/>
        <result column="web_guide_first" property="webGuideFirst" jdbcType="VARCHAR"/>
    </resultMap>
    

    <resultMap id="userVoResultMap" type="com.icss.ebu.ami.report.business.result.UserVo">
        <id column="id" property="id" jdbcType="VARCHAR"/>
        <result column="loginname" property="loginname" jdbcType="VARCHAR"/>
        <result column="name" property="name" jdbcType="VARCHAR"/>
        <result column="password" property="password" jdbcType="VARCHAR"/>
        <result column="sex" property="sex" jdbcType="TINYINT"/>
        <result column="age" property="age" jdbcType="TINYINT"/>
        <result column="usertype" property="usertype" jdbcType="TINYINT"/>
        <result column="status" property="status" jdbcType="TINYINT"/>
        <result column="organization_id" property="organizationId" jdbcType="VARCHAR"/>
        <result column="p_organization_id" property="pOrganizationId" jdbcType="VARCHAR"/>
        <result column="createdate" property="createdate" jdbcType="TIMESTAMP"/>
        <result column="phone" property="phone" jdbcType="VARCHAR"/>

        <result column="organizationName" property="organizationName" jdbcType="VARCHAR"/>

        <collection property="rolesList" ofType="com.icss.ebu.ami.report.system.model.Role">
            <id column="roleId" property="id"/>
            <result column="roleName" property="name"/>
        </collection>
    </resultMap>
    
    <resultMap id="userResultMap" type="com.icss.ebu.ami.report.business.result.UserVo">
        <id column="id" property="id" jdbcType="VARCHAR"/>
        <result column="loginname" property="loginname" jdbcType="VARCHAR"/>
        <result column="name" property="name" jdbcType="VARCHAR"/>
        <result column="password" property="password" jdbcType="VARCHAR"/>
        <result column="sex" property="sex" jdbcType="TINYINT"/>
        <result column="age" property="age" jdbcType="TINYINT"/>
        <result column="usertype" property="usertype" jdbcType="TINYINT"/>
        <result column="status" property="status" jdbcType="TINYINT"/>
        <result column="organization_id" property="organizationId" jdbcType="VARCHAR"/>
        <result column="p_organization_id" property="pOrganizationId" jdbcType="VARCHAR"/>
        <result column="createdate" property="createdate" jdbcType="TIMESTAMP"/>
        <result column="createdateShow" property="createdateShow" jdbcType="VARCHAR"/>
        <result column="phone" property="phone" jdbcType="VARCHAR"/>
		<result column="organizationName" property="organizationName" jdbcType="VARCHAR"/>
        <result column="pOrganizationName" property="pOrganizationName" jdbcType="VARCHAR"/>
        <result column="roleIds" property="roleIds" jdbcType="VARCHAR"/>
		<result column="roleName" property="roleName" jdbcType="VARCHAR"/>
    </resultMap>
    
    <sql id="Base_Column_List">
    id, loginname, name, password, sex, age, usertype, status, organization_id,p_organization_id, createdate, 
    phone,pwd_first_update,pwd_update_time,web_guide_first
  </sql>
    <select id="selectByPrimaryKey" resultMap="BaseResultMap" parameterType="java.lang.String">
        select
        <include refid="Base_Column_List"/>
        from REPORT_USER
        where id = #{id,jdbcType=VARCHAR}
    </select>

    <select id="findUserByLoginName" resultMap="BaseResultMap" parameterType="java.lang.String">
        select
        <include refid="Base_Column_List"/>
        from REPORT_USER
        where loginname = #{username}
    </select>

    <select id="findUserVoById" resultMap="userVoResultMap" parameterType="java.lang.String">
        SELECT
        t.id,
        loginname,
        t.name,
        password,
        sex,
        age,
        usertype,
        t.status,
        organization_id,
        p_organization_id,
        t.createdate,
        phone,
        o.id AS roleId,
        o.name AS roleName
        FROM
        REPORT_USER t
        LEFT JOIN REPORT_USER_role r ON t.id = r.user_id
        LEFT JOIN REPORT_ROLE o ON r.role_id = o.id
        <where>
            t.id = #{id}
        </where>
    </select>

    <select id="findUserById" resultMap="BaseResultMap" parameterType="java.lang.String">
        select
        <include refid="Base_Column_List"/>
        from REPORT_USER
        where id = #{id}
    </select>
    
    <select id="findCubeIdByUserId" resultType="java.lang.String" parameterType="java.lang.String">
    	select cube_id from report_user_cube where user_id = #{id}
    </select>
    
    <select id="findTmpIdByUserId" resultType="java.lang.String" parameterType="java.lang.String">
    	select report_id from report_user_template where user_id = #{id}
    </select>
    
    <select id="findObjIdByUserId" resultType="java.lang.String" parameterType="java.lang.String">
    	select obj_id from reporter_user_objtree where user_id = #{id}
    </select>
    
    <select id="findDataSourceIdByUserId" resultType="java.lang.String" parameterType="java.lang.String">
    	select cnnid from report_user_datasource where user_id = #{id}
    </select>
    
    <select id="findUserByPage" resultMap="userResultMap" parameterType="com.icss.ebu.ami.commons.pagePlugin.Page">
        SELECT distinct t.id, loginname, t.name, password, sex, age, usertype, 
		t.status, organization_id, t.createdate,to_char(t.createdate,'yyyy-mm-dd') createdateShow, phone,
		 to_char(r.roleIds) as roleIds,
		  to_char(r.roleName) as roleName  FROM REPORT_USER t 
		   LEFT JOIN (select wm_concat(r.role_id) as roleIds,wm_concat(o.NAME) as roleName,r.user_id
			 from REPORT_USER_role r LEFT JOIN REPORT_ROLE o on o.id = r.role_id group by r.user_id) r ON t.id = r.user_id
			 LEFT JOIN REPORT_USER_role ur on ur.user_id = t.id
		where t.id != '1' 
            <if test=" params.name != null and params.name != '' ">
               and UPPER(t.name) LIKE concat(concat('%',UPPER(#{params.name})),'%')  escape '/'
            </if>
            <if test=" params.status != null and params.status != '' ">
            	and t.status=#{params.status}
            </if>
            <if test=" params.phone != null and params.phone != '' ">
		    	and t.phone=#{params.phone}
		    </if>
            <if test=" params.roleIds != null and params.roleIds != '' ">
	            and ur.role_id in (${params.roleIds})
            </if>
            <if test="params.createdateStart != null">
                <![CDATA[
            and t.createdate >= to_date(to_char(#{params.createdateStart}, 'yyyy-mm-dd') || ' 00:00:00', 'yyyy-mm-dd hh24:mi:ss')
           ]]>
            </if>
            <if test="params.createdateEnd != null">
                <![CDATA[
            and t.createdate <=  to_date(to_char(#{params.createdateEnd}, 'yyyy-mm-dd') || ' 23:59:59', 'yyyy-mm-dd hh24:mi:ss')
        ]]>
            </if>
           order by t.createdate desc
    </select>
    
    <delete id="deleteUserBySourceUserid" parameterType="java.lang.String">
    	delete from REPORT_USER where SOURCE_USERID = #{id}
    </delete>
    
    <select id="findUserPageCondition" resultMap="userVoResultMap" parameterType="com.icss.ebu.ami.commons.util.PageInfo">
        SELECT
        t.id,
        loginname,
        t.name,
        password,
        sex,
        age,
        usertype,
        t.status,
        organization_id,
        p_organization_id,
        t.createdate,
        phone,
        s.name AS organizationName,
        o.id AS roleId,
        o.name AS roleName
        FROM
        REPORT_USER t
        LEFT JOIN REPORT_USER_role r ON t.id = r.user_id
        LEFT JOIN REPORT_ROLE o ON r.role_id = o.id
        LEFT JOIN t_sys_organization s ON s.id = t.organization_id
        where t.id != '1' 
            <if test=" condition.name != null and condition.name != '' ">
               and t.name = #{condition.name}
            </if>
            <if test=" condition.organizationId != null ">
               and t.organization_id = #{condition.organizationId}
            </if>
            <if test="condition.startTime != null">
                <![CDATA[
            and t.createdate >= #{condition.startTime}
           ]]>
            </if>
            <if test="condition.endTime != null">
                <![CDATA[
            and t.createdate <= #{condition.endTime}
        ]]>
            </if>
        <!--LIMIT #{from}, #{size}-->
    </select>

    <select id="findUserPageCount" resultType="java.lang.Integer" parameterType="com.icss.ebu.ami.commons.util.PageInfo">
        select count(*) count
        from REPORT_USER t
        where t.id != '1' 
            <if test=" condition.name != null and condition.name != '' ">
              and  t.name = #{condition.name}
            </if>
            <if test=" condition.organizationId != null ">
               and t.organization_id = #{condition.organizationId}
            </if>
            <if test="condition.startTime != null">
                <![CDATA[
            and t.createdate >= #{condition.startTime}
           ]]>
            </if>
            <if test="condition.endTime != null">
                <![CDATA[
            and t.createdate <= #{condition.endTime}
            ]]>
            </if>
    </select>

    <delete id="deleteById" parameterType="java.lang.String">
    delete from REPORT_USER
    where id = #{id,jdbcType=VARCHAR}
  </delete>
  
  
  <delete id="deleteUserCubeByUserId" parameterType="java.lang.String">
  	delete from report_user_cube where user_id = #{id}
  </delete>

	<delete id="deleteUserDataSourceByUserId" parameterType="java.lang.String">
  		delete from report_user_datasource where user_id = #{id}
  	</delete>
  	
  	<delete id="deleteUserTmpByUserId" parameterType="java.lang.String">
  		delete from report_user_template where user_id = #{id}
  	</delete>
  	
  	<delete id="deleteUserObjTreeByUserId" parameterType="java.lang.String">
  		delete from reporter_user_objtree where user_id = #{id}
  	</delete>
  	
    <insert id="insert" parameterType="com.icss.ebu.ami.report.system.model.User">
        insert into REPORT_USER (
        id, 
        loginname, 
        name, 
        password,
        <if test="sex != null">
        sex, 
        </if>
        <if test="age != null">
        age, 
        </if>
        <if test="usertype != null">
            usertype,
        </if>
        status,
        organization_id,
        p_organization_id,
        pwd_first_update,
        createdate,
        pwd_update_time
        <if test="phone != null">
        ,phone
        </if>
        )
        values (
        #{id,jdbcType=VARCHAR},
        #{loginname,jdbcType=VARCHAR}, 
        #{name,jdbcType=VARCHAR}, 
        #{password,jdbcType=VARCHAR},
        <if test="sex != null">
        #{sex,jdbcType=TINYINT}, 
        </if>
        <if test="age != null">
        #{age,jdbcType=TINYINT}, 
        </if>
        <if test="usertype != null">
            #{usertype,jdbcType=TINYINT},
        </if>
        #{status,jdbcType=TINYINT},
        #{organizationId,jdbcType=VARCHAR},
        #{pOrganizationId,jdbcType=VARCHAR}, 
        #{pwdFirstUpdate,jdbcType=VARCHAR}, 
        #{createdate,jdbcType=TIMESTAMP}, 
        #{pwdUpdateTime,jdbcType=TIMESTAMP}
        <if test="phone != null">
        ,#{phone,jdbcType=VARCHAR}
        </if>
        )
    </insert>
    
    
    
    
    <insert id="insertSelective" parameterType="com.icss.ebu.ami.report.system.model.UserAll" >
    <!--
      WARNING - @mbggenerated
      This element is automatically generated by MyBatis Generator, do not modify.
      This element was generated on Mon May 21 14:35:42 CST 2018.
    -->
    insert into REPORT_USER
    <trim prefix="(" suffix=")" suffixOverrides="," >
      <if test="id != null" >
        ID,
      </if>
      <if test="loginname != null" >
        LOGINNAME,
      </if>
      <if test="name != null" >
        NAME,
      </if>
      <if test="password != null" >
        PASSWORD,
      </if>
      <if test="sex != null" >
        SEX,
      </if>
      <if test="age != null" >
        AGE,
      </if>
      <if test="usertype != null" >
        USERTYPE,
      </if>
      <if test="status != null" >
        STATUS,
      </if>
      <if test="organizationId != null" >
        ORGANIZATION_ID,
      </if>
      <if test="createdate != null" >
        CREATEDATE,
      </if>
      <if test="phone != null" >
        PHONE,
      </if>
      <if test="staffNo != null" >
        STAFF_NO,
      </if>
      <if test="photo != null" >
        PHOTO,
      </if>
      <if test="posName != null" >
        POS_NAME,
      </if>
      <if test="position != null" >
        POSITION,
      </if>
      <if test="workTypeCode != null" >
        WORK_TYPE_CODE,
      </if>
      <if test="techLevelCode != null" >
        TECH_LEVEL_CODE,
      </if>
      <if test="ymd != null" >
        YMD,
      </if>
      <if test="degreeCode != null" >
        DEGREE_CODE,
      </if>
      <if test="srvLevelCode != null" >
        SRV_LEVEL_CODE,
      </if>
      <if test="certFlag != null" >
        CERT_FLAG,
      </if>
      <if test="fixedFlag != null" >
        FIXED_FLAG,
      </if>
      <if test="onPosFlag != null" >
        ON_POS_FLAG,
      </if>
      <if test="professionCode != null" >
        PROFESSION_CODE,
      </if>
      <if test="professionBgnDate != null" >
        PROFESSION_BGN_DATE,
      </if>
      <if test="joinDate != null" >
        JOIN_DATE,
      </if>
      <if test="titel != null" >
        TITEL,
      </if>
      <if test="politicalStatusCode != null" >
        POLITICAL_STATUS_CODE,
      </if>
      <if test="titleLevelCode != null" >
        TITLE_LEVEL_CODE,
      </if>
      <if test="statusCode != null" >
        STATUS_CODE,
      </if>
      <if test="remark != null" >
        REMARK,
      </if>
      <if test="pOrganizationId != null" >
        P_ORGANIZATION_ID,
      </if>
      <if test="pwdFirstUpdate != null" >
        PWD_FIRST_UPDATE,
      </if>
      <if test="pwdUpdateTime != null" >
        PWD_UPDATE_TIME,
      </if>
      <if test="icon != null" >
        ICON,
      </if>
      <if test="webGuideFirst != null" >
        WEB_GUIDE_FIRST,
      </if>
      <if test="webGuideUpdateTime != null" >
        WEB_GUIDE_UPDATE_TIME,
      </if>
      <if test="sourceUserid != null" >
        SOURCE_USERID,
      </if>
      <if test="sourceUsername != null" >
        SOURCE_USERNAME,
      </if>
      <if test="sourceSystem != null" >
        SOURCE_SYSTEM,
      </if>
      <if test="email != null" >
        EMAIL,
      </if>
    </trim>
    <trim prefix="values (" suffix=")" suffixOverrides="," >
      <if test="id != null" >
        #{id,jdbcType=VARCHAR},
      </if>
      <if test="loginname != null" >
        #{loginname,jdbcType=VARCHAR},
      </if>
      <if test="name != null" >
        #{name,jdbcType=VARCHAR},
      </if>
      <if test="password != null" >
        #{password,jdbcType=VARCHAR},
      </if>
      <if test="sex != null" >
        #{sex,jdbcType=DECIMAL},
      </if>
      <if test="age != null" >
        #{age,jdbcType=DECIMAL},
      </if>
      <if test="usertype != null" >
        #{usertype,jdbcType=DECIMAL},
      </if>
      <if test="status != null" >
        #{status,jdbcType=DECIMAL},
      </if>
      <if test="organizationId != null" >
        #{organizationId,jdbcType=VARCHAR},
      </if>
      <if test="createdate != null" >
        #{createdate,jdbcType=DATE},
      </if>
      <if test="phone != null" >
        #{phone,jdbcType=VARCHAR},
      </if>
      <if test="staffNo != null" >
        #{staffNo,jdbcType=VARCHAR},
      </if>
      <if test="photo != null" >
        #{photo,jdbcType=VARCHAR},
      </if>
      <if test="posName != null" >
        #{posName,jdbcType=VARCHAR},
      </if>
      <if test="position != null" >
        #{position,jdbcType=VARCHAR},
      </if>
      <if test="workTypeCode != null" >
        #{workTypeCode,jdbcType=VARCHAR},
      </if>
      <if test="techLevelCode != null" >
        #{techLevelCode,jdbcType=VARCHAR},
      </if>
      <if test="ymd != null" >
        #{ymd,jdbcType=DATE},
      </if>
      <if test="degreeCode != null" >
        #{degreeCode,jdbcType=VARCHAR},
      </if>
      <if test="srvLevelCode != null" >
        #{srvLevelCode,jdbcType=VARCHAR},
      </if>
      <if test="certFlag != null" >
        #{certFlag,jdbcType=VARCHAR},
      </if>
      <if test="fixedFlag != null" >
        #{fixedFlag,jdbcType=VARCHAR},
      </if>
      <if test="onPosFlag != null" >
        #{onPosFlag,jdbcType=VARCHAR},
      </if>
      <if test="professionCode != null" >
        #{professionCode,jdbcType=VARCHAR},
      </if>
      <if test="professionBgnDate != null" >
        #{professionBgnDate,jdbcType=DATE},
      </if>
      <if test="joinDate != null" >
        #{joinDate,jdbcType=DATE},
      </if>
      <if test="titel != null" >
        #{titel,jdbcType=VARCHAR},
      </if>
      <if test="politicalStatusCode != null" >
        #{politicalStatusCode,jdbcType=VARCHAR},
      </if>
      <if test="titleLevelCode != null" >
        #{titleLevelCode,jdbcType=VARCHAR},
      </if>
      <if test="statusCode != null" >
        #{statusCode,jdbcType=VARCHAR},
      </if>
      <if test="remark != null" >
        #{remark,jdbcType=VARCHAR},
      </if>
      <if test="pOrganizationId != null" >
        #{pOrganizationId,jdbcType=VARCHAR},
      </if>
      <if test="pwdFirstUpdate != null" >
        #{pwdFirstUpdate,jdbcType=VARCHAR},
      </if>
      <if test="pwdUpdateTime != null" >
        #{pwdUpdateTime,jdbcType=DATE},
      </if>
      <if test="icon != null" >
        #{icon,jdbcType=VARCHAR},
      </if>
      <if test="webGuideFirst != null" >
        #{webGuideFirst,jdbcType=VARCHAR},
      </if>
      <if test="webGuideUpdateTime != null" >
        #{webGuideUpdateTime,jdbcType=DATE},
      </if>
      <if test="sourceUserid != null" >
        #{sourceUserid,jdbcType=VARCHAR},
      </if>
      <if test="sourceUsername != null" >
        #{sourceUsername,jdbcType=VARCHAR},
      </if>
      <if test="sourceSystem != null" >
        #{sourceSystem,jdbcType=VARCHAR},
      </if>
      <if test="email != null" >
        #{email,jdbcType=VARCHAR},
      </if>
    </trim>
  </insert>

    <update id="updateUserPwdById" parameterType="com.icss.ebu.ami.report.system.model.User">
    update REPORT_USER
    set password = #{password,jdbcType=VARCHAR},
    pwd_first_update = #{pwdFirstUpdate,jdbcType=VARCHAR},
    pwd_update_time = #{pwdUpdateTime,jdbcType=TIMESTAMP}
    where id = #{id,jdbcType=VARCHAR}
  </update>

    <update id="updateUser" parameterType="com.icss.ebu.ami.report.system.model.User">
        update REPORT_USER
        <set>
            <if test="loginname != null">
                loginname = #{loginname,jdbcType=VARCHAR},
            </if>
            <if test="name != null">
                name = #{name,jdbcType=VARCHAR},
            </if>
            <if test="password != null and password != ''">
                password = #{password,jdbcType=VARCHAR},
            </if>
            <if test="sex != null">
                sex = #{sex,jdbcType=TINYINT},
            </if>
            <if test="age != null">
                age = #{age,jdbcType=TINYINT},
            </if>
            <if test="usertype != null">
                usertype = #{usertype,jdbcType=TINYINT},
            </if>
            <if test="status != null">
                status = #{status,jdbcType=TINYINT},
            </if>
            <if test="organizationId != null">
                organization_id = #{organizationId,jdbcType=VARCHAR},
            </if>
            <if test="phone != null">
                phone = #{phone,jdbcType=VARCHAR},
            </if>
            <if test="pOrganizationId != null">
                P_ORGANIZATION_ID = #{pOrganizationId,jdbcType=VARCHAR},
            </if>
            <if test="pwdFirstUpdate != null">
                pwd_first_update = #{pwdFirstUpdate,jdbcType=VARCHAR},
            </if>
            <if test="pwdUpdateTime != null">
                pwd_update_time = #{pwdUpdateTime,jdbcType=TIMESTAMP},
            </if>
        </set>
        where id = #{id,jdbcType=VARCHAR}
    </update>
    
    <select id="countUser"   parameterType="com.icss.ebu.ami.report.system.model.User"  resultType="java.lang.Integer">
        SELECT　COUNT(1) FROM REPORT_USER WHERE id != '1' 
        <if test="organizationId != null">
        AND organization_id = #{organizationId,jdbcType=VARCHAR}
        </if>
    </select>
    <select id="countLongUser" resultType="java.lang.Long">
        SELECT　COUNT(1) FROM REPORT_USER WHERE id != '1' 
    </select>
    <select id="findSysUserByPage" resultMap="BaseResultMap" parameterType="com.icss.ebu.ami.commons.pagePlugin.Page">
        SELECT 
        	<include refid="Base_Column_List"/>
        FROM REPORT_USER 
        WHERE id != '1' 
    </select>
    
    <insert id="insertUserDataSource" parameterType="com.icss.ebu.ami.report.system.model.UserDataSource">
    	insert into report_user_datasource (id, user_id, cnnid)
        values (#{id}, #{userId}, #{cnnid})
    </insert>
    <insert id="insertUseCube" parameterType="com.icss.ebu.ami.report.system.model.UserCube">
    	insert into report_user_cube (id, user_id, cube_id)
        values (#{id}, #{userId}, #{cubeId})
    </insert>
    <insert id="insertUserTemplate" parameterType="com.icss.ebu.ami.report.system.model.UserTemplate">
    	insert into report_user_template (id, user_id, report_id)
        values (#{id}, #{userId}, #{reportId})
    </insert>
    
     <insert id="insertUserObjTree" parameterType="com.icss.ebu.ami.report.system.model.UserObjTree">
    	insert into reporter_user_objtree (id, user_id, obj_id)
        values (#{id}, #{userId}, #{objId})
    </insert>
    
    
    
    <update id="editPersonInfo" parameterType="com.icss.ebu.ami.report.business.result.UserVo">
    	update REPORT_USER set phone=#{phone} where id=#{id}
    </update>
    
    <delete id="deleteUseCube" parameterType="com.icss.ebu.ami.report.system.model.UserCube">
    	delete from report_user_cube
    	where cube_id=#{cubeId}
    	<if test="userId != null">
    		and  user_id=#{userId}
    	</if>
    </delete>
    <delete id="deleteUserDataSource" parameterType="com.icss.ebu.ami.report.system.model.UserDataSource">
    	delete from report_user_datasource
    	where cnnid=#{cnnid}
    	<if test="userId != null">
    		and user_id=#{userId}
    	</if>
    </delete>
    <delete id="deleteUserTemplate" parameterType="com.icss.ebu.ami.report.system.model.UserTemplate">
    	delete from report_user_template
    	where report_id=#{reportId}
    	<if test="userId != null">
    		and  user_id=#{userId}
    	</if>
    </delete>
    <delete id="deleteUserObjTree" parameterType="com.icss.ebu.ami.report.system.model.UserObjTree">
    	delete from reporter_user_objtree
    	where obj_id=#{objId}
    	<if test="userId != null">
    		and user_id=#{userId}
    	</if>
    </delete>
    
</mapper>