<?xml version="1.0" encoding="UTF-8" ?>
<!DOCTYPE mapper PUBLIC "-//mybatis.org//DTD Mapper 3.0//EN" "http://mybatis.org/dtd/mybatis-3-mapper.dtd" >
<mapper namespace="com.icss.ebu.ami.report.business.mapper.UserRoleMapper">
    <resultMap id="BaseResultMap" type="com.icss.ebu.ami.report.system.model.UserRole">
        <id column="id" property="id" jdbcType="BIGINT"/>
        <result column="user_id" property="userId" jdbcType="VARCHAR"/>
        <result column="role_id" property="roleId" jdbcType="BIGINT"/>
    </resultMap>
    <sql id="Base_Column_List">
    id, user_id, role_id
  </sql>

    <select id="findUserRoleByUserId" resultMap="BaseResultMap" parameterType="java.lang.String">
        select
        <include refid="Base_Column_List"/>
        from REPORT_USER_ROLE
        where user_id = #{userId,jdbcType=VARCHAR}
    </select>

    <select id="findRoleIdListByUserId" resultType="java.lang.Long" parameterType="java.lang.String">
    select 
    role_id AS roleId
    from REPORT_USER_ROLE
    where user_id = #{userId,jdbcType=VARCHAR}
    order by role_id
  </select>

  <select id="findUserIdListByRoleId" resultType="java.lang.String" parameterType="java.lang.Long">
    select 
    user_id AS userId
    from REPORT_USER_ROLE
    where role_id = #{roleId,jdbcType=BIGINT}
  </select>


    <delete id="deleteById" parameterType="java.lang.Long">
    delete from REPORT_USER_ROLE
    where id = #{id,jdbcType=BIGINT}
  </delete>

    <insert id="insert" parameterType="com.icss.ebu.ami.report.system.model.UserRole">
        insert into REPORT_USER_ROLE (id, user_id, role_id)
        values (#{id,jdbcType=BIGINT}, #{userId,jdbcType=VARCHAR}, #{roleId,jdbcType=BIGINT})
    </insert>

    <update id="updateByPrimaryKeySelective" parameterType="com.icss.ebu.ami.report.system.model.UserRole">
        update REPORT_USER_ROLE
        <set>
            <if test="userId != null">
                user_id = #{userId,jdbcType=VARCHAR},
            </if>
            <if test="roleId != null">
                role_id = #{roleId,jdbcType=BIGINT},
            </if>
        </set>
        where id = #{id,jdbcType=BIGINT}
    </update>

</mapper>