<?xml version="1.0" encoding="UTF-8"?>  
<project name="AMI-REPORT" default="cancat" >
    <description>合并js文件</description>
	<property name="sourceFileDir" value="${basedir}/src/main/webapp/script/customize/app/service"/>
	<property name="build.file" value="${sourceFileDir}/ami.report.all.js" />
    <target name="clean" >
        <delete file="${build.file}"/>  
    </target>
	<target name="cancat" depends="clean">
		<concat destfile="${build.file}"> 
			<fileset dir="${sourceFileDir}" includes="**/*.js" />
		</concat> 
	</target>
</project>